customer_id,customer_age_years,customer_age_range,customer_tenure_years,customer_purchases,customer_spend_total,customer_spend_avg,customer_price_max,customer_price_min,customer_views_sum,customer_ratings_avg,customer_num_ratings_avg,customer_top_category,customer_top_device,customer_top_color,customer_last_purchase
CUST_0001,28.0,25-34,0.0,24,29321.02,1221.7091666666668,1490.65,1001.91,116,3.5383333333333336,35.0,dress,mobile,red,2025-08-08
CUST_0002,24.0,18-24,1.0,13,16374.53,1259.579230769231,1490.65,1006.3,69,3.4846153846153842,34.15384615384615,skirt,mobile,white,2025-10-06
CUST_0003,25.0,25-34,0.0,10,13133.45,1313.345,1489.03,1029.76,41,3.183,24.2,dress,mobile,black,2025-11-20
CUST_0004,23.0,18-24,0.0,15,19379.84,1291.9893333333334,1490.05,1022.7,72,3.466,31.533333333333335,dress,mobile,pink,2025-11-19
CUST_0005,23.0,18-24,0.0,15,17594.88,1172.992,1433.47,1001.91,89,3.5206666666666666,38.6,dress,mobile,red,2025-06-03
CUST_0006,27.0,25-34,0.0,19,23222.989999999998,1222.2626315789473,1487.42,1006.3,109,3.501578947368421,29.210526315789473,dress,mobile,red,2025-10-31
CUST_0007,20.0,18-24,1.0,18,22719.7,1262.2055555555555,1489.26,1001.91,93,3.483888888888889,26.72222222222222,blouse,mobile,black,2025-12-20
CUST_0008,22.0,18-24,0.0,10,13156.91,1315.691,1486.39,1086.06,53,3.3020000000000005,33.7,skirt,mobile,black,2025-09-28
CUST_0009,21.0,18-24,1.0,7,8408.12,1201.16,1490.05,1025.01,35,3.382857142857143,28.857142857142858,skirt,mobile,red,2025-05-23
CUST_0010,27.0,25-34,0.0,18,23407.91,1300.4394444444445,1490.65,1007.56,84,3.517777777777778,36.27777777777778,dress,mobile,white,2025-09-24
CUST_0011,24.0,18-24,0.0,17,22018.59,1295.2111764705883,1489.26,1008.78,88,3.398823529411765,37.76470588235294,skirt,mobile,red,2025-07-08
CUST_0012,19.0,18-24,1.0,12,15724.15,1310.3458333333333,1489.26,1083.02,59,3.3858333333333337,27.5,blouse,mobile,black,2025-10-04
CUST_0013,27.0,25-34,0.0,10,12484.83,1248.483,1482.01,1007.56,48,3.4899999999999998,31.8,dress,mobile,red,2025-09-27
CUST_0014,29.0,25-34,2.0,10,12534.74,1253.474,1490.65,1021.87,42,3.4810000000000003,32.3,blouse,mobile,pink,2025-06-22
CUST_0015,25.0,25-34,2.0,7,9160.539999999999,1308.6485714285714,1482.01,1006.3,38,3.608571428571428,31.571428571428573,blouse,mobile,black,2025-10-11
CUST_0016,19.0,18-24,0.0,13,16596.09,1276.6223076923077,1489.03,1008.78,61,3.4676923076923076,27.46153846153846,blouse,mobile,pink,2025-12-03
CUST_0017,29.0,25-34,2.0,9,11855.73,1317.3033333333333,1482.01,1029.76,38,3.232222222222222,25.333333333333332,blouse,mobile,black,2025-10-31
CUST_0018,24.0,18-24,1.0,9,11390.789999999999,1265.6433333333332,1482.01,1006.3,43,3.488888888888889,34.22222222222222,skirt,mobile,red,2025-03-20
CUST_0019,28.0,25-34,1.0,8,10381.84,1297.73,1495.27,1033.0,45,3.3925,43.25,skirt,mobile,red,2025-09-02
CUST_0020,22.0,18-24,2.0,4,4846.26,1211.565,1457.27,1021.15,21,3.7375,34.25,dress,mobile,pink,2025-10-12
CUST_0021,29.0,25-34,2.0,11,13677.65,1243.4227272727273,1463.1,1071.3,68,3.5681818181818183,26.818181818181817,blouse,mobile,black,2025-11-08
CUST_0022,22.0,18-24,0.0,11,13860.24,1260.0218181818182,1490.65,1006.3,53,3.444545454545455,36.09090909090909,blouse,mobile,black,2025-08-05
CUST_0023,18.0,18-24,1.0,13,16208.029999999999,1246.7715384615383,1475.75,1012.6,84,3.598333333333333,27.53846153846154,dress,mobile,red,2025-09-02
CUST_0024,22.0,18-24,1.0,10,11916.32,1191.632,1404.93,1006.3,51,3.245,26.2,blouse,mobile,white,2025-09-30
CUST_0025,26.0,25-34,2.0,9,12012.310000000001,1334.7011111111112,1489.26,1008.78,49,3.5277777777777777,23.555555555555557,blouse,mobile,black,2025-09-02
CUST_0026,20.0,18-24,0.0,15,19834.14,1322.276,1487.42,1008.78,77,3.5406666666666666,35.86666666666667,dress,mobile,red,2025-09-20
CUST_0027,21.0,18-24,1.0,9,10785.51,1198.39,1441.13,1021.15,39,3.3155555555555556,19.11111111111111,dress,mobile,pink,2025-10-18
CUST_0028,28.0,25-34,2.0,7,8637.92,1233.9885714285715,1490.65,1006.3,32,3.4657142857142857,35.142857142857146,blouse,mobile,white,2025-10-02
CUST_0029,20.0,18-24,0.0,16,20148.93,1259.308125,1490.65,1012.6,78,3.6319999999999997,31.4375,dress,mobile,red,2025-11-09
CUST_0030,26.0,25-34,0.0,17,21460.11,1262.359411764706,1469.53,1021.87,78,3.4670588235294115,31.823529411764707,blouse,mobile,pink,2025-10-24
CUST_0031,28.0,25-34,1.0,16,20548.54,1284.28375,1487.42,1001.91,84,3.432666666666667,27.125,skirt,mobile,black,2025-11-20
CUST_0032,18.0,18-24,0.0,18,22541.96,1252.331111111111,1489.26,1006.3,84,3.6222222222222222,31.0,dress,mobile,red,2025-10-11
CUST_0033,20.0,18-24,0.0,16,19808.16,1238.01,1489.26,1000.74,86,3.480625,28.625,skirt,mobile,black,2025-11-20
CUST_0034,22.0,18-24,0.0,19,24559.12,1292.5852631578946,1490.65,1000.74,103,3.53,37.1578947368421,blouse,mobile,pink,2025-08-12
CUST_0035,28.0,25-34,1.0,11,14863.05,1351.1863636363635,1490.65,1007.56,54,3.394545454545454,33.63636363636363,blouse,mobile,black,2025-09-26
CUST_0036,18.0,18-24,1.0,9,11257.72,1250.8577777777778,1439.79,1001.91,41,3.521111111111111,31.444444444444443,skirt,mobile,pink,2025-11-04
CUST_0037,18.0,18-24,1.0,16,21972.53,1373.283125,1490.05,1160.75,63,3.514375,36.3125,skirt,mobile,pink,2025-05-21
CUST_0038,19.0,18-24,2.0,7,8637.57,1233.9385714285713,1482.01,1025.01,36,3.467142857142857,39.285714285714285,skirt,mobile,white,2025-05-20
CUST_0039,18.0,18-24,2.0,6,6959.12,1159.8533333333332,1374.32,1022.7,31,3.5383333333333336,35.5,dress,mobile,red,2025-07-13
CUST_0040,23.0,18-24,0.0,16,20090.5,1255.65625,1487.42,1001.91,83,3.4924999999999997,30.0,dress,mobile,white,2025-08-15
CUST_0041,18.0,18-24,1.0,12,15260.97,1271.7475,1482.01,1012.6,42,3.5124999999999997,30.166666666666668,dress,mobile,black,2025-09-30
CUST_0042,23.0,18-24,2.0,12,15258.48,1271.54,1482.01,1055.37,46,3.4527272727272726,34.666666666666664,dress,mobile,black,2025-09-08
CUST_0043,23.0,18-24,0.0,10,13587.72,1358.772,1495.27,1064.97,44,3.5130000000000003,35.4,skirt,mobile,red,2025-09-08
CUST_0044,20.0,18-24,0.0,18,22177.72,1232.0955555555556,1487.42,1055.37,84,3.5266666666666664,37.22222222222222,skirt,mobile,black,2025-11-14
CUST_0045,24.0,18-24,1.0,16,20859.3,1303.70625,1490.05,1012.6,83,3.4375,33.0625,dress,mobile,black,2025-09-08
CUST_0046,19.0,18-24,0.0,12,16139.8,1344.9833333333333,1489.82,1000.74,56,3.5675000000000003,23.5,dress,mobile,black,2025-12-05
CUST_0047,19.0,18-24,1.0,6,8052.42,1342.07,1444.44,1271.24,32,3.5583333333333336,24.0,dress,desktop,black,2025-09-28
CUST_0048,29.0,25-34,1.0,12,14991.15,1249.2625,1487.42,1003.92,52,3.541818181818182,29.833333333333332,skirt,mobile,black,2025-09-29
CUST_0049,19.0,18-24,0.0,11,14962.99,1360.2718181818182,1495.27,1079.45,66,3.592727272727273,30.272727272727273,dress,mobile,pink,2025-11-14
CUST_0050,22.0,18-24,2.0,10,13151.13,1315.1129999999998,1482.01,1083.02,57,3.63,31.7,dress,mobile,red,2025-08-04
CUST_0051,20.0,18-24,2.0,8,10142.05,1267.75625,1482.01,1000.74,30,3.40875,24.625,skirt,mobile,black,2025-05-19
CUST_0052,28.0,25-34,0.0,12,15375.09,1281.2575,1490.65,1064.97,65,3.5691666666666664,39.166666666666664,dress,mobile,black,2025-08-20
CUST_0053,20.0,18-24,1.0,14,18173.03,1298.0735714285713,1489.82,1079.45,59,3.5,26.142857142857142,blouse,mobile,red,2025-11-19
CUST_0054,19.0,18-24,0.0,13,16681.85,1283.2192307692308,1490.65,1012.6,66,3.4130769230769227,32.61538461538461,blouse,mobile,pink,2025-11-05
CUST_0055,26.0,25-34,1.0,14,18573.96,1326.7114285714285,1489.26,1001.91,65,3.5507692307692307,26.857142857142858,blouse,mobile,pink,2025-11-01
CUST_0056,21.0,18-24,2.0,8,10053.18,1256.6475,1444.44,1006.3,37,3.4975,40.625,dress,mobile,pink,2025-02-12
CUST_0057,29.0,25-34,0.0,14,18081.39,1291.527857142857,1486.39,1001.91,80,3.402142857142857,31.071428571428573,blouse,desktop,pink,2025-10-01
CUST_0058,20.0,18-24,1.0,10,12565.52,1256.5520000000001,1490.65,1033.0,54,3.532,53.0,skirt,mobile,red,2025-08-22
CUST_0059,18.0,18-24,0.0,15,18085.93,1205.7286666666666,1487.42,1021.87,92,3.4526666666666666,34.333333333333336,dress,mobile,red,2025-06-26
CUST_0060,21.0,18-24,1.0,11,13660.4,1241.8545454545454,1486.39,1055.37,54,3.328181818181818,22.545454545454547,blouse,mobile,black,2025-09-14
CUST_0061,29.0,25-34,2.0,8,9536.779999999999,1192.0974999999999,1472.85,1000.74,43,3.4175,42.375,skirt,mobile,pink,2025-04-04
CUST_0062,20.0,18-24,2.0,11,13997.0,1272.4545454545455,1495.27,1000.74,52,3.261818181818182,26.09090909090909,blouse,mobile,black,2025-12-12
CUST_0063,22.0,18-24,2.0,5,6912.71,1382.542,1463.1,1314.0,25,3.66,29.0,dress,mobile,red,2025-11-01
CUST_0064,22.0,18-24,2.0,10,12191.0,1219.1,1475.75,1012.6,44,3.476,32.0,dress,mobile,pink,2025-09-07
CUST_0065,27.0,25-34,1.0,17,20659.73,1215.2782352941176,1457.27,1021.15,82,3.56,24.529411764705884,blouse,mobile,black,2025-12-12
CUST_0066,25.0,25-34,1.0,13,17405.23,1338.8638461538462,1475.75,1093.05,59,3.4324999999999997,29.692307692307693,blouse,mobile,black,2025-12-16
CUST_0067,28.0,25-34,2.0,6,7887.35,1314.5583333333334,1482.01,1021.87,25,3.3266666666666667,34.166666666666664,blouse,mobile,black,2025-07-28
CUST_0068,24.0,18-24,0.0,16,20102.48,1256.405,1482.01,1021.15,109,3.48875,35.0625,dress,mobile,black,2025-09-29
CUST_0069,25.0,25-34,0.0,13,15674.25,1205.7115384615386,1374.32,1007.35,70,3.473076923076923,35.84615384615385,dress,mobile,pink,2025-02-08
CUST_0070,21.0,18-24,0.0,17,20721.41,1218.9064705882354,1490.05,1001.91,80,3.5194117647058825,31.41176470588235,dress,mobile,pink,2025-08-08
CUST_0071,29.0,25-34,2.0,9,11255.52,1250.6133333333335,1482.01,1033.0,47,3.48625,27.0,dress,mobile,red,2025-10-25
CUST_0072,23.0,18-24,0.0,13,17410.22,1339.2476923076924,1495.27,1001.91,58,3.32,31.615384615384617,blouse,mobile,black,2025-10-30
CUST_0073,23.0,18-24,1.0,17,21680.1,1275.3,1490.05,1000.74,82,3.5,29.058823529411764,dress,mobile,red,2025-09-27
CUST_0074,23.0,18-24,2.0,7,8298.39,1185.4842857142855,1490.65,1000.74,48,3.4614285714285713,30.571428571428573,skirt,mobile,black,2025-10-29
CUST_0075,25.0,25-34,1.0,12,15516.59,1293.0491666666667,1482.01,1006.3,47,3.3833333333333333,35.916666666666664,skirt,mobile,black,2025-10-18
CUST_0076,21.0,18-24,0.0,18,23322.12,1295.6733333333332,1490.05,1007.35,73,3.6866666666666665,26.833333333333332,dress,mobile,black,2025-10-28
CUST_0077,20.0,18-24,0.0,16,20168.86,1260.55375,1482.01,1001.91,78,3.590625,23.25,blouse,mobile,black,2025-12-13
CUST_0078,29.0,25-34,0.0,11,13658.52,1241.6836363636364,1490.65,1021.87,61,3.271818181818182,38.45454545454545,blouse,mobile,black,2025-10-03
CUST_0079,20.0,18-24,2.0,7,8882.83,1268.9757142857143,1474.05,1022.7,31,3.4771428571428573,28.142857142857142,blouse,mobile,red,2025-09-24
CUST_0080,22.0,18-24,0.0,15,17954.73,1196.982,1482.01,1007.35,73,3.6293333333333333,32.53333333333333,dress,mobile,pink,2025-08-15
CUST_0081,18.0,18-24,0.0,11,13944.77,1267.7063636363637,1490.65,1000.74,62,3.446,28.272727272727273,blouse,mobile,red,2025-11-19
CUST_0082,23.0,18-24,1.0,19,24118.23,1269.3805263157894,1457.27,1000.74,93,3.486111111111111,30.36842105263158,dress,mobile,red,2025-11-13
CUST_0083,24.0,18-24,1.0,9,10432.31,1159.1455555555556,1314.0,1006.3,50,3.376666666666667,34.111111111111114,skirt,mobile,red,2024-12-06
CUST_0084,20.0,18-24,2.0,10,12664.4,1266.44,1489.82,1055.37,47,3.474,21.9,blouse,mobile,red,2025-10-23
CUST_0085,26.0,25-34,0.0,10,12885.03,1288.5030000000002,1489.26,1029.76,40,3.399,31.1,dress,mobile,red,2025-02-28
CUST_0086,21.0,18-24,0.0,11,14632.81,1330.2554545454545,1487.42,1055.37,58,3.369090909090909,35.81818181818182,skirt,mobile,black,2025-08-28
CUST_0087,24.0,18-24,1.0,10,12198.37,1219.837,1469.53,1008.78,53,3.5420000000000003,26.7,dress,mobile,black,2025-10-26
CUST_0088,27.0,25-34,0.0,11,13537.46,1230.6781818181817,1486.39,1007.56,57,3.355454545454545,33.90909090909091,dress,mobile,red,2025-07-09
CUST_0089,27.0,25-34,0.0,12,14864.82,1238.735,1486.39,1000.74,58,3.28,26.833333333333332,dress,mobile,black,2025-11-23
CUST_0090,23.0,18-24,2.0,11,14125.71,1284.1554545454544,1475.75,1006.3,52,3.3590909090909093,31.363636363636363,dress,mobile,pink,2025-08-19
CUST_0091,18.0,18-24,1.0,10,14054.0,1405.4,1495.27,1148.62,44,3.526,34.0,blouse,mobile,black,2025-09-21
CUST_0092,20.0,18-24,0.0,21,26686.329999999998,1270.777619047619,1490.05,1003.92,111,3.5625,25.571428571428573,blouse,mobile,black,2025-10-21
CUST_0093,29.0,25-34,1.0,10,12229.88,1222.9879999999998,1454.61,1007.35,47,3.5,45.2,dress,mobile,pink,2025-09-18
CUST_0094,29.0,25-34,1.0,7,8850.44,1264.3485714285714,1490.05,1000.74,33,3.274285714285714,32.42857142857143,skirt,mobile,black,2025-10-04
CUST_0095,20.0,18-24,2.0,6,7640.78,1273.4633333333334,1482.01,1000.74,32,3.405,19.833333333333332,blouse,mobile,black,2025-10-17
CUST_0096,27.0,25-34,1.0,17,20907.36,1229.844705882353,1475.75,1001.91,99,3.4441176470588233,32.76470588235294,skirt,mobile,red,2025-08-01
CUST_0097,27.0,25-34,1.0,13,16872.57,1297.8899999999999,1489.82,1012.6,62,3.5076923076923077,27.692307692307693,dress,mobile,black,2025-09-29
CUST_0098,26.0,25-34,0.0,14,18141.06,1295.7900000000002,1495.27,1006.3,75,3.4842857142857144,25.928571428571427,dress,mobile,black,2025-10-24
CUST_0099,25.0,25-34,0.0,20,24906.62,1245.331,1490.05,1022.7,80,3.5026315789473683,31.75,skirt,mobile,red,2025-11-30
CUST_0100,19.0,18-24,0.0,12,14910.720000000001,1242.5600000000002,1441.13,1008.78,58,3.4058333333333333,28.333333333333332,dress,mobile,black,2025-12-01
CUST_0101,29.0,25-34,1.0,8,10260.06,1282.5075,1454.61,1071.3,42,3.32875,44.375,blouse,mobile,red,2025-08-04
CUST_0102,18.0,18-24,1.0,11,14502.74,1318.4309090909092,1487.42,1071.3,56,3.396,21.09090909090909,dress,mobile,black,2025-11-04
CUST_0103,28.0,25-34,2.0,10,12492.82,1249.282,1482.01,1022.7,47,3.557,31.3,dress,mobile,pink,2025-07-09
CUST_0104,20.0,18-24,2.0,17,21830.59,1284.1523529411766,1495.27,1007.56,79,3.54,28.88235294117647,blouse,mobile,pink,2025-08-15
CUST_0105,21.0,18-24,1.0,10,11774.84,1177.484,1417.74,1007.56,51,3.6611111111111114,16.4,dress,mobile,black,2025-10-02
CUST_0106,20.0,18-24,0.0,23,29263.35,1272.3195652173913,1489.82,1025.01,110,3.42304347826087,34.73913043478261,dress,mobile,red,2025-10-12
CUST_0107,24.0,18-24,1.0,9,11150.1,1238.9,1489.82,1001.91,47,3.572222222222222,39.77777777777778,blouse,mobile,pink,2025-04-11
CUST_0108,27.0,25-34,0.0,14,17942.73,1281.6235714285715,1490.65,1055.37,73,3.5184615384615388,37.142857142857146,blouse,mobile,red,2025-11-09
CUST_0109,28.0,25-34,0.0,19,24572.94,1293.3126315789473,1495.27,1025.01,94,3.395555555555555,25.789473684210527,dress,mobile,black,2025-10-31
CUST_0110,27.0,25-34,2.0,14,17415.77,1243.9835714285714,1495.27,1001.91,55,3.4864285714285717,32.5,dress,mobile,red,2025-10-26
CUST_0111,27.0,25-34,0.0,16,21066.6,1316.6625,1489.82,1022.7,87,3.505,36.125,blouse,mobile,red,2025-12-23
CUST_0112,23.0,18-24,0.0,15,18945.489999999998,1263.0326666666665,1495.27,1021.15,65,3.5386666666666664,30.466666666666665,dress,mobile,pink,2025-07-17
CUST_0113,21.0,18-24,1.0,17,22673.36,1333.7270588235294,1495.27,1000.74,88,3.445294117647059,32.294117647058826,skirt,mobile,pink,2025-11-30
CUST_0114,21.0,18-24,2.0,14,17388.56,1242.0400000000002,1441.13,1012.6,70,3.395,31.214285714285715,dress,mobile,pink,2025-12-01
CUST_0115,23.0,18-24,2.0,8,10196.97,1274.62125,1495.27,1007.35,45,3.4957142857142856,28.375,blouse,mobile,pink,2025-08-20
CUST_0116,20.0,18-24,0.0,14,18038.32,1288.4514285714286,1489.26,1003.92,74,3.700714285714286,28.214285714285715,skirt,mobile,black,2025-10-17
CUST_0117,21.0,18-24,0.0,17,22231.489999999998,1307.7347058823527,1486.39,1007.35,92,3.4241176470588237,30.470588235294116,dress,mobile,black,2025-09-22
CUST_0118,29.0,25-34,1.0,8,10423.91,1302.98875,1489.82,1055.37,52,3.7175000000000002,21.375,blouse,mobile,pink,2025-10-08
CUST_0119,25.0,25-34,2.0,6,7724.97,1287.4950000000001,1417.74,1022.7,27,3.28,18.833333333333332,dress,mobile,red,2025-10-14
CUST_0120,22.0,18-24,0.0,19,25116.87,1321.9405263157894,1487.42,1055.37,105,3.638421052631579,31.105263157894736,dress,mobile,black,2025-11-01
CUST_0121,21.0,18-24,0.0,13,16944.87,1303.4515384615383,1487.42,1012.6,71,3.6923076923076925,31.76923076923077,dress,mobile,red,2025-09-18
CUST_0122,26.0,25-34,1.0,10,13102.52,1310.252,1474.05,1006.3,51,3.3869999999999996,26.7,blouse,mobile,pink,2025-10-25
CUST_0123,23.0,18-24,0.0,12,15622.91,1301.9091666666666,1495.27,1142.65,58,3.51,50.083333333333336,dress,mobile,red,2024-02-21
CUST_0124,27.0,25-34,0.0,12,16868.739999999998,1405.7283333333332,1490.65,1001.91,55,3.5454545454545454,42.416666666666664,blouse,mobile,black,2025-08-24
CUST_0125,30.0,25-34,2.0,7,9496.52,1356.6457142857143,1490.65,1274.19,33,3.4149999999999996,32.285714285714285,blouse,mobile,pink,2025-11-22
CUST_0126,27.0,25-34,2.0,10,12732.630000000001,1273.2630000000001,1487.42,1006.3,47,3.499,35.1,blouse,mobile,pink,2025-10-01
CUST_0127,21.0,18-24,0.0,21,26658.6,1269.4571428571428,1490.65,1008.78,97,3.433809523809524,28.61904761904762,dress,mobile,red,2025-10-13
CUST_0128,18.0,18-24,1.0,11,13820.6,1256.418181818182,1490.05,1008.78,57,3.478181818181818,35.27272727272727,blouse,mobile,pink,2025-11-05
CUST_0129,20.0,18-24,1.0,10,12532.26,1253.226,1475.75,1093.05,64,3.447777777777778,35.7,skirt,mobile,black,2025-11-12
CUST_0130,26.0,25-34,0.0,15,19493.83,1299.5886666666668,1489.26,1033.0,68,3.48,28.666666666666668,blouse,mobile,black,2025-12-09
CUST_0131,22.0,18-24,0.0,12,15985.8,1332.1499999999999,1495.27,1029.76,47,3.455,41.333333333333336,dress,mobile,black,2025-09-05
CUST_0132,18.0,18-24,0.0,11,14249.49,1295.408181818182,1475.75,1007.56,69,3.6636363636363636,21.727272727272727,blouse,mobile,black,2025-10-28
CUST_0133,28.0,25-34,0.0,15,19683.49,1312.2326666666668,1495.27,1007.56,72,3.5446666666666666,27.266666666666666,dress,mobile,pink,2025-09-06
CUST_0134,20.0,18-24,1.0,12,16155.5,1346.2916666666667,1490.65,1064.97,64,3.6916666666666664,28.083333333333332,blouse,mobile,black,2025-09-12
CUST_0135,22.0,18-24,0.0,14,18364.31,1311.7364285714286,1489.82,1022.7,73,3.5700000000000003,32.142857142857146,blouse,mobile,pink,2025-10-03
CUST_0136,22.0,18-24,1.0,7,8442.99,1206.1414285714286,1487.42,1029.76,33,3.4771428571428573,28.571428571428573,dress,mobile,black,2025-05-17
CUST_0137,27.0,25-34,2.0,12,14936.369999999999,1244.6975,1472.85,1007.35,59,3.5258333333333334,28.833333333333332,blouse,mobile,red,2025-12-20
CUST_0138,18.0,18-24,2.0,5,7108.76,1421.752,1490.05,1318.27,23,3.5759999999999996,32.8,blouse,mobile,red,2025-05-28
CUST_0139,27.0,25-34,0.0,12,15722.97,1310.2475,1489.03,1021.87,64,3.2575,28.333333333333332,skirt,mobile,black,2025-09-24
CUST_0140,19.0,18-24,0.0,8,10451.73,1306.46625,1489.82,1029.76,47,3.4528571428571433,32.375,blouse,desktop,red,2025-11-12
CUST_0141,28.0,25-34,1.0,13,16030.470000000001,1233.113076923077,1495.27,1000.74,63,3.323846153846154,36.07692307692308,skirt,mobile,red,2025-08-28
CUST_0142,22.0,18-24,0.0,19,24186.01,1272.947894736842,1489.82,1003.92,83,3.714210526315789,26.31578947368421,dress,mobile,red,2025-10-17
CUST_0143,23.0,18-24,0.0,21,27895.65,1328.3642857142859,1495.27,1003.92,102,3.5304761904761905,34.476190476190474,dress,mobile,black,2025-10-29
CUST_0144,19.0,18-24,1.0,11,14372.7,1306.609090909091,1489.82,1126.68,58,3.4818181818181815,29.90909090909091,dress,mobile,pink,2025-04-08
CUST_0145,21.0,18-24,2.0,9,11591.52,1287.9466666666667,1490.65,1012.6,43,3.571111111111111,24.77777777777778,blouse,mobile,red,2025-10-02
CUST_0146,24.0,18-24,1.0,13,16064.31,1235.7161538461537,1490.05,1006.3,69,3.367692307692308,29.923076923076923,dress,mobile,black,2025-10-13
CUST_0147,27.0,25-34,1.0,11,14487.67,1317.060909090909,1489.26,1008.78,41,3.530909090909091,30.90909090909091,skirt,mobile,black,2025-08-19
CUST_0148,25.0,25-34,1.0,11,13776.75,1252.4318181818182,1482.01,1007.35,45,3.402727272727273,33.0,blouse,mobile,black,2025-08-25
CUST_0149,28.0,25-34,0.0,16,19907.63,1244.226875,1495.27,1003.92,91,3.5713333333333335,30.25,dress,mobile,pink,2025-11-07
CUST_0150,24.0,18-24,0.0,16,19829.6,1239.35,1490.65,1000.74,80,3.529375,37.875,skirt,mobile,red,2025-09-22
CUST_0151,47.0,45-54,0.0,34,43542.29,1280.655588235294,1453.78,1000.83,150,3.5044117647058823,31.441176470588236,jeans,desktop,yellow,2025-10-11
CUST_0152,42.0,35-44,2.0,16,20387.8,1274.2375,1454.58,1038.31,79,3.618666666666667,26.5625,shoes,desktop,orange,2025-09-26
CUST_0153,58.0,55-64,2.0,6,7479.33,1246.555,1395.21,1027.95,29,3.486666666666667,27.833333333333332,jacket,desktop,orange,2025-04-02
CUST_0154,46.0,45-54,0.0,20,24312.7,1215.635,1488.64,1047.75,106,3.5315,42.6,jacket,desktop,red,2024-11-26
CUST_0155,41.0,35-44,0.0,22,27704.32,1259.2872727272727,1482.97,1027.95,110,3.4604545454545454,28.272727272727273,jacket,desktop,orange,2025-09-30
CUST_0156,54.0,45-54,2.0,15,19383.51,1292.234,1466.02,1038.31,70,3.4893333333333336,28.6,jacket,desktop,orange,2025-10-03
CUST_0157,55.0,55-64,1.0,16,20847.32,1302.9575,1482.97,1047.75,83,3.6275,32.125,jacket,desktop,orange,2025-03-25
CUST_0158,56.0,55-64,2.0,12,15222.49,1268.5408333333332,1474.83,1038.31,58,3.5308333333333333,34.583333333333336,shoes,desktop,orange,2025-04-23
CUST_0159,53.0,45-54,0.0,16,19713.74,1232.10875,1449.2,1012.73,89,3.47875,25.625,shoes,desktop,red,2025-09-30
CUST_0160,53.0,45-54,1.0,8,9906.54,1238.3175,1408.7,1034.46,52,3.4425,35.125,jeans,desktop,yellow,2025-10-07
CUST_0161,53.0,45-54,0.0,30,37385.44,1246.1813333333334,1495.96,1012.73,156,3.4996666666666667,36.13333333333333,jacket,desktop,orange,2025-04-13
CUST_0162,45.0,45-54,0.0,18,22834.58,1268.5877777777778,1482.97,1000.83,75,3.5283333333333333,32.888888888888886,jacket,desktop,orange,2025-04-15
CUST_0163,44.0,35-44,0.0,22,28198.46,1281.7481818181818,1466.17,1016.8,123,3.4959090909090906,36.36363636363637,jacket,desktop,orange,2024-11-22
CUST_0164,51.0,45-54,2.0,14,17517.65,1251.2607142857144,1495.96,1034.46,73,3.463076923076923,33.285714285714285,jacket,desktop,green,2025-09-24
CUST_0165,49.0,45-54,2.0,12,14790.22,1232.5183333333332,1474.83,1003.15,54,3.53,45.083333333333336,shoes,desktop,orange,2024-11-14
CUST_0166,54.0,45-54,1.0,17,21283.43,1251.9664705882353,1435.63,1000.83,85,3.5058823529411764,34.705882352941174,jacket,desktop,orange,2025-10-07
CUST_0167,58.0,55-64,1.0,16,20470.22,1279.38875,1474.83,1047.75,71,3.485,40.9375,jacket,desktop,orange,2025-10-03
CUST_0168,41.0,35-44,0.0,25,32102.35,1284.094,1495.96,1016.8,132,3.5452,35.6,jacket,desktop,orange,2025-03-28
CUST_0169,45.0,45-54,1.0,23,29070.510000000002,1263.9352173913044,1454.58,1000.83,116,3.5104545454545457,35.391304347826086,jeans,mobile,orange,2025-10-12
CUST_0170,48.0,45-54,0.0,18,21778.25,1209.9027777777778,1462.73,1003.15,86,3.5372222222222223,43.833333333333336,jacket,desktop,orange,2025-03-16
CUST_0171,43.0,35-44,2.0,13,16523.739999999998,1271.0569230769229,1449.2,1028.06,79,3.4523076923076923,34.0,jeans,desktop,yellow,2025-03-28
CUST_0172,43.0,35-44,0.0,17,21679.57,1275.2688235294117,1466.02,1062.17,79,3.474705882352941,32.94117647058823,jacket,desktop,green,2025-09-16
CUST_0173,45.0,45-54,1.0,20,25233.02,1261.651,1495.96,1027.95,88,3.5130000000000003,29.6,jacket,desktop,orange,2025-03-29
CUST_0174,58.0,55-64,1.0,22,27432.13,1246.915,1474.83,1016.8,105,3.564090909090909,38.36363636363637,jacket,desktop,orange,2025-05-05
CUST_0175,43.0,35-44,0.0,22,27651.45,1256.884090909091,1488.64,1016.8,102,3.4518181818181817,32.81818181818182,shoes,desktop,orange,2025-09-17
CUST_0176,55.0,55-64,2.0,11,13464.09,1224.0081818181818,1454.58,1012.82,55,3.55,31.272727272727273,jacket,desktop,orange,2025-09-28
CUST_0177,50.0,45-54,0.0,18,22374.46,1243.0255555555555,1495.96,1012.73,75,3.4727777777777775,27.666666666666668,shoes,desktop,yellow,2025-04-24
CUST_0178,58.0,55-64,2.0,10,13003.880000000001,1300.3880000000001,1466.17,1000.83,45,3.4549999999999996,29.2,jacket,desktop,yellow,2025-10-09
CUST_0179,52.0,45-54,0.0,14,17737.39,1266.9564285714284,1495.96,1027.95,73,3.432142857142857,29.571428571428573,shoes,desktop,orange,2025-09-22
CUST_0180,48.0,45-54,0.0,17,22065.34,1297.9611764705883,1466.17,1062.17,71,3.5005882352941176,30.941176470588236,jacket,mobile,yellow,2025-04-02
CUST_0181,42.0,35-44,2.0,14,17595.76,1256.84,1474.83,1081.19,80,3.5414285714285714,28.285714285714285,jeans,desktop,red,2025-09-26
CUST_0182,51.0,45-54,0.0,15,18678.52,1245.2346666666667,1408.7,1012.73,84,3.4314285714285715,27.933333333333334,jacket,desktop,yellow,2025-10-11
CUST_0183,51.0,45-54,1.0,23,28140.58,1223.5034782608695,1466.17,1000.83,113,3.4800000000000004,32.391304347826086,shoes,desktop,yellow,2025-04-23
CUST_0184,47.0,45-54,0.0,21,26741.72,1273.4152380952382,1466.17,1028.06,105,3.522857142857143,31.333333333333332,jacket,mobile,orange,2025-09-29
CUST_0185,42.0,35-44,2.0,13,16416.63,1262.8176923076924,1488.64,1047.75,84,3.534615384615385,31.153846153846153,shoes,mobile,yellow,2025-05-12
CUST_0186,43.0,35-44,0.0,18,21778.44,1209.9133333333332,1437.42,1000.83,84,3.3838888888888885,35.111111111111114,shoes,desktop,yellow,2025-10-08
CUST_0187,47.0,45-54,1.0,17,21092.22,1240.7188235294118,1462.73,1012.73,93,3.4899999999999998,37.470588235294116,shoes,desktop,red,2025-04-03
CUST_0188,45.0,45-54,2.0,8,9570.9,1196.3625,1362.53,1012.82,38,3.5,42.25,shoes,desktop,orange,2025-04-03
CUST_0189,56.0,55-64,1.0,18,22534.66,1251.9255555555555,1488.64,1000.83,92,3.518333333333333,35.77777777777778,jacket,desktop,yellow,2025-03-21
CUST_0190,47.0,45-54,0.0,20,24705.71,1235.2855,1488.64,1000.83,115,3.488947368421053,35.9,shoes,desktop,yellow,2025-10-06
CUST_0191,58.0,55-64,1.0,15,18554.31,1236.9540000000002,1474.83,1003.15,109,3.4686666666666666,41.8,jacket,desktop,orange,2024-11-13
CUST_0192,40.0,35-44,0.0,25,32906.26,1316.2504000000001,1466.02,1012.82,113,3.5027999999999997,31.96,jacket,desktop,orange,2025-04-01
CUST_0193,40.0,35-44,2.0,19,24824.08,1306.5305263157895,1431.13,1125.13,99,3.5500000000000003,28.842105263157894,jeans,desktop,orange,2025-10-07
CUST_0194,44.0,35-44,0.0,24,29791.65,1241.3187500000001,1488.64,1012.73,142,3.4779166666666668,37.0,shoes,desktop,yellow,2025-05-15
CUST_0195,54.0,45-54,0.0,21,26701.45,1271.497619047619,1453.78,1038.31,110,3.503333333333334,28.714285714285715,jeans,desktop,green,2025-09-25
CUST_0196,47.0,45-54,2.0,11,13067.8,1187.9818181818182,1474.83,1027.95,58,3.4936363636363637,35.27272727272727,jeans,desktop,orange,2024-11-12
CUST_0197,41.0,35-44,1.0,19,23650.02,1244.7378947368422,1495.96,1012.82,96,3.535789473684211,35.1578947368421,shoes,desktop,orange,2025-10-06
CUST_0198,50.0,45-54,2.0,11,14564.99,1324.09,1495.96,1003.15,46,3.4481818181818182,35.72727272727273,jeans,desktop,green,2025-09-19
CUST_0199,47.0,45-54,2.0,10,12479.68,1247.968,1401.11,1034.46,44,3.559,40.5,jacket,desktop,red,2025-05-08
CUST_0200,53.0,45-54,1.0,15,19362.34,1290.8226666666667,1495.96,1012.73,61,3.454,29.733333333333334,jeans,desktop,yellow,2025-10-05
CUST_0201,57.0,55-64,1.0,20,25761.75,1288.0875,1454.58,1047.24,89,3.5155000000000003,31.9,jacket,desktop,orange,2025-04-06
CUST_0202,43.0,35-44,2.0,16,19971.82,1248.23875,1462.73,1012.73,69,3.527333333333333,36.875,shoes,desktop,orange,2025-10-07
CUST_0203,49.0,45-54,0.0,23,28749.24,1249.9669565217391,1466.02,1000.83,113,3.4817391304347827,37.56521739130435,shoes,desktop,orange,2025-10-03
CUST_0204,53.0,45-54,1.0,15,18491.25,1232.75,1466.02,1012.82,67,3.565,35.666666666666664,jeans,mobile,yellow,2025-10-10
CUST_0205,53.0,45-54,1.0,27,33693.48,1247.9066666666668,1482.97,1003.15,138,3.524074074074074,33.77777777777778,jeans,desktop,yellow,2025-10-10
CUST_0206,40.0,35-44,0.0,22,27029.75,1228.625,1466.02,1000.83,104,3.4776190476190476,29.045454545454547,shoes,desktop,red,2025-10-06
CUST_0207,54.0,45-54,2.0,7,9075.58,1296.5114285714285,1398.81,1147.21,39,3.4657142857142857,39.57142857142857,shoes,desktop,green,2024-09-20
CUST_0208,48.0,45-54,1.0,22,27875.16,1267.0527272727272,1488.64,1012.73,99,3.517142857142857,37.18181818181818,jacket,desktop,orange,2025-09-27
CUST_0209,45.0,45-54,1.0,24,30841.74,1285.0725,1488.64,1016.8,126,3.470833333333333,40.166666666666664,shoes,mobile,orange,2025-10-07
CUST_0210,50.0,45-54,0.0,20,25519.96,1275.998,1488.64,1016.8,99,3.478947368421052,31.35,jacket,mobile,green,2025-09-21
CUST_0211,46.0,45-54,0.0,26,32876.56,1264.4830769230769,1474.83,1012.73,119,3.5104,32.96153846153846,jacket,desktop,orange,2025-10-09
CUST_0212,50.0,45-54,0.0,12,15591.97,1299.3308333333332,1466.17,1047.75,59,3.518333333333333,36.833333333333336,jacket,mobile,red,2025-10-08
CUST_0213,46.0,45-54,2.0,9,11615.27,1290.5855555555556,1474.83,1027.95,38,3.5622222222222226,24.22222222222222,shoes,desktop,orange,2024-10-31
CUST_0214,47.0,45-54,1.0,15,18661.45,1244.0966666666668,1495.96,1012.73,81,3.4546666666666668,29.0,shoes,mobile,orange,2024-10-19
CUST_0215,58.0,55-64,1.0,18,23096.34,1283.13,1451.8,1125.13,79,3.463333333333333,35.833333333333336,jacket,desktop,red,2025-10-02
CUST_0216,52.0,45-54,2.0,19,24125.71,1269.7742105263158,1451.8,1034.46,91,3.5127777777777776,35.68421052631579,jacket,desktop,orange,2025-10-05
CUST_0217,53.0,45-54,2.0,9,11103.74,1233.7488888888888,1466.17,1034.46,47,3.5477777777777777,35.77777777777778,jacket,desktop,orange,2025-03-26
CUST_0218,45.0,45-54,0.0,18,22254.27,1236.3483333333334,1488.64,1003.15,90,3.472941176470588,34.333333333333336,jeans,desktop,orange,2025-09-30
CUST_0219,46.0,45-54,0.0,22,28590.22,1299.5554545454545,1488.64,1027.95,108,3.483181818181818,35.0,jeans,desktop,orange,2025-10-06
CUST_0220,41.0,35-44,2.0,18,23493.18,1305.1766666666667,1466.02,1090.65,82,3.5749999999999997,28.61111111111111,jacket,mobile,red,2025-09-29
CUST_0221,47.0,45-54,1.0,12,14963.54,1246.9616666666668,1495.96,1090.65,56,3.61,28.083333333333332,jacket,mobile,orange,2025-10-13
CUST_0222,47.0,45-54,0.0,22,28465.99,1293.9086363636363,1482.97,1016.8,102,3.5599999999999996,34.90909090909091,jacket,desktop,orange,2025-09-20
CUST_0223,40.0,35-44,2.0,15,18687.91,1245.8606666666667,1488.64,1003.15,71,3.484666666666667,40.666666666666664,shoes,desktop,green,2025-09-23
CUST_0224,53.0,45-54,2.0,11,14104.98,1282.270909090909,1462.73,1034.46,54,3.4318181818181817,37.72727272727273,shoes,desktop,green,2024-10-02
CUST_0225,59.0,55-64,2.0,14,16937.47,1209.8192857142858,1488.64,1003.15,78,3.485,33.285714285714285,shoes,desktop,yellow,2025-05-07
CUST_0226,56.0,55-64,1.0,15,18344.47,1222.9646666666667,1408.7,1028.06,80,3.482,31.4,jacket,desktop,orange,2025-09-22
CUST_0227,58.0,55-64,1.0,15,18464.16,1230.944,1362.53,1027.95,69,3.5446666666666666,33.8,jacket,desktop,yellow,2024-10-31
CUST_0228,58.0,55-64,0.0,18,23481.58,1304.5322222222223,1495.96,1016.8,89,3.4955555555555557,29.0,jacket,desktop,green,2025-10-09
CUST_0229,49.0,45-54,1.0,16,20261.28,1266.33,1482.97,1028.06,72,3.604,34.25,jacket,mobile,orange,2025-09-23
CUST_0230,44.0,35-44,0.0,24,30410.44,1267.1016666666667,1453.78,1034.46,94,3.536521739130435,29.166666666666668,jacket,desktop,orange,2025-10-15
CUST_0231,42.0,35-44,1.0,17,21727.94,1278.1141176470587,1466.17,1062.17,81,3.5352941176470587,33.76470588235294,jeans,mobile,red,2025-05-15
CUST_0232,53.0,45-54,2.0,12,15012.01,1251.0008333333333,1495.96,1047.24,55,3.498333333333333,31.166666666666668,jeans,desktop,yellow,2025-05-06
CUST_0233,57.0,55-64,1.0,23,29763.94,1294.084347826087,1488.64,1000.83,117,3.530869565217391,35.43478260869565,shoes,desktop,yellow,2025-10-02
CUST_0234,46.0,45-54,0.0,17,21699.77,1276.4570588235295,1482.97,1000.83,77,3.5441176470588234,38.294117647058826,jacket,desktop,yellow,2025-09-25
CUST_0235,52.0,45-54,0.0,19,23426.81,1232.99,1435.63,1003.15,96,3.523157894736842,36.73684210526316,shoes,desktop,orange,2025-04-30
CUST_0236,49.0,45-54,2.0,10,12828.66,1282.866,1488.64,1028.06,54,3.6189999999999998,30.6,shoes,desktop,orange,2025-09-27
CUST_0237,45.0,45-54,1.0,16,20800.74,1300.04625,1488.64,1027.95,83,3.5373333333333337,30.125,shoes,desktop,orange,2025-10-05
CUST_0238,45.0,45-54,2.0,15,19308.59,1287.2393333333334,1462.73,1003.15,70,3.5060000000000002,37.53333333333333,jacket,desktop,orange,2025-05-07
CUST_0239,46.0,45-54,1.0,20,25561.52,1278.076,1451.8,1000.83,91,3.5020000000000002,33.1,jacket,mobile,yellow,2025-09-22
CUST_0240,53.0,45-54,2.0,13,16058.85,1235.2961538461539,1454.58,1047.24,63,3.5869230769230773,36.69230769230769,jacket,desktop,orange,2025-03-26
CUST_0241,58.0,55-64,1.0,12,15148.95,1262.4125000000001,1474.83,1012.82,72,3.549166666666667,41.333333333333336,jeans,desktop,orange,2025-09-24
CUST_0242,50.0,45-54,2.0,13,17114.18,1316.4753846153847,1462.73,1096.19,71,3.5500000000000003,25.692307692307693,jeans,desktop,orange,2025-10-14
CUST_0243,46.0,45-54,2.0,11,13862.44,1260.2218181818182,1482.97,1034.46,57,3.6090909090909093,36.27272727272727,jacket,desktop,orange,2025-04-20
CUST_0244,44.0,35-44,1.0,15,18673.0,1244.8666666666666,1462.73,1016.8,75,3.5540000000000003,39.666666666666664,jacket,desktop,green,2025-10-12
CUST_0245,58.0,55-64,2.0,22,27810.91,1264.1322727272727,1488.64,1003.15,109,3.5345454545454547,36.68181818181818,jacket,desktop,yellow,2025-03-13
CUST_0246,52.0,45-54,2.0,13,16170.26,1243.8661538461538,1466.17,1016.8,56,3.416923076923077,32.53846153846154,jacket,desktop,green,2025-10-13
CUST_0247,47.0,45-54,0.0,15,19244.21,1282.9473333333333,1466.02,1047.75,60,3.522,35.13333333333333,shoes,desktop,orange,2025-05-11
CUST_0248,49.0,45-54,2.0,8,10554.26,1319.2825,1375.42,1245.12,31,3.50125,35.75,jacket,desktop,green,2025-04-13
CUST_0249,51.0,45-54,1.0,18,22435.68,1246.4266666666667,1482.97,1012.73,105,3.5616666666666665,33.0,shoes,desktop,orange,2025-05-18
CUST_0250,58.0,55-64,2.0,14,16647.48,1189.1057142857142,1482.97,1012.82,70,3.495,38.857142857142854,jacket,desktop,orange,2025-03-22
CUST_0251,30.0,25-34,1.0,20,11834.45,591.7225000000001,775.74,112.6,99,3.5255,30.15,jeans,mobile,black,2026-01-13
CUST_0252,43.0,35-44,2.0,14,7496.17,535.4407142857143,792.37,112.01,57,3.5864285714285713,30.357142857142858,jeans,mobile,yellow,2026-04-07
CUST_0253,30.0,25-34,1.0,10,5283.9800000000005,528.398,768.86,115.98,39,3.4450000000000003,30.8,shoes,mobile,pink,2025-10-24
CUST_0254,38.0,35-44,1.0,7,2883.88,411.98285714285714,627.87,244.01,34,3.732857142857143,30.714285714285715,shoes,mobile,green,2026-05-02
CUST_0255,42.0,35-44,2.0,11,4716.55,428.77727272727276,762.58,160.15,58,3.4672727272727273,32.63636363636363,jeans,mobile,pink,2025-10-16
CUST_0256,30.0,25-34,0.0,15,9765.26,651.0173333333333,778.05,350.32,56,3.5626666666666664,31.466666666666665,shoes,desktop,yellow,2026-02-09
CUST_0257,44.0,35-44,1.0,14,4909.95,350.7107142857143,768.86,112.01,80,3.519285714285714,30.785714285714285,jeans,mobile,blue,2026-01-08
CUST_0258,31.0,25-34,0.0,11,4253.49,386.6809090909091,751.08,112.01,44,3.5327272727272727,37.09090909090909,shoes,mobile,black,2026-02-24
CUST_0259,33.0,25-34,1.0,11,5707.25,518.8409090909091,683.35,160.15,46,3.4545454545454546,35.45454545454545,shirt,mobile,red,2025-10-14
CUST_0260,41.0,35-44,0.0,23,12329.89,536.0821739130434,742.35,175.4,133,3.5226086956521736,26.82608695652174,jeans,mobile,blue,2026-03-20
CUST_0261,37.0,35-44,0.0,18,9252.43,514.0238888888889,728.53,295.17,86,3.4827777777777778,34.888888888888886,jeans,mobile,black,2025-06-04
CUST_0262,31.0,25-34,1.0,12,6509.31,542.4425,775.74,112.6,52,3.5691666666666664,33.75,jeans,mobile,black,2026-03-02
CUST_0263,30.0,25-34,1.0,12,7515.1,626.2583333333333,762.17,112.01,62,3.3266666666666667,21.666666666666668,jeans,mobile,orange,2026-05-05
CUST_0264,36.0,35-44,2.0,13,7594.12,584.1630769230769,778.05,175.4,56,3.4669230769230768,35.23076923076923,jeans,mobile,red,2025-12-18
CUST_0265,42.0,35-44,1.0,15,7846.02,523.068,792.37,115.98,58,3.4286666666666665,30.733333333333334,shoes,mobile,pink,2026-06-18
CUST_0266,36.0,35-44,2.0,10,5436.1900000000005,543.619,792.37,115.98,46,3.56,26.9,shirt,mobile,pink,2025-12-16
CUST_0267,34.0,25-34,0.0,12,6260.57,521.7141666666666,778.05,225.73,58,3.3783333333333334,27.583333333333332,shoes,mobile,pink,2025-11-07
CUST_0268,38.0,35-44,0.0,4,1424.25,356.0625,664.42,160.15,25,3.5475,19.75,shoes,mobile,pink,2025-08-05
CUST_0269,34.0,25-34,0.0,19,10538.75,554.671052631579,762.58,112.6,100,3.3873684210526314,24.0,shirt,mobile,blue,2026-04-21
CUST_0270,37.0,35-44,1.0,14,6575.27,469.6621428571429,720.22,141.3,80,3.6957142857142857,32.07142857142857,shirt,mobile,black,2026-06-21
CUST_0271,30.0,25-34,1.0,9,4153.3,461.4777777777778,762.17,104.17,67,3.413333333333333,30.555555555555557,shoes,mobile,pink,2025-09-24
CUST_0272,41.0,35-44,0.0,14,7476.64,534.0457142857143,751.08,112.6,55,3.4764285714285714,38.285714285714285,shoes,mobile,black,2025-11-27
CUST_0273,35.0,35-44,1.0,16,7986.07,499.129375,768.86,141.3,74,3.6875,29.0625,shoes,desktop,white,2026-06-02
CUST_0274,43.0,35-44,2.0,9,5400.63,600.07,768.86,315.75,26,3.756666666666667,22.22222222222222,t-shirt,mobile,green,2026-05-06
CUST_0275,40.0,35-44,0.0,13,6514.26,501.0969230769231,768.86,104.17,61,3.479230769230769,36.69230769230769,shirt,mobile,red,2025-12-08
CUST_0276,32.0,25-34,2.0,9,5189.7,576.6333333333333,775.74,258.47,33,3.387777777777778,39.44444444444444,shirt,mobile,red,2025-08-04
CUST_0277,30.0,25-34,0.0,19,9043.53,475.97526315789474,768.86,112.6,96,3.371578947368421,29.42105263157895,jeans,mobile,red,2026-06-05
CUST_0278,44.0,35-44,0.0,10,5429.86,542.986,768.26,201.59,57,3.447,33.2,jeans,mobile,green,2026-01-31
CUST_0279,30.0,25-34,0.0,22,10546.32,479.3781818181818,778.05,115.98,103,3.483181818181818,26.545454545454547,shoes,mobile,pink,2026-01-26
CUST_0280,43.0,35-44,2.0,8,4246.97,530.87125,738.08,226.29,37,3.3175,29.125,shoes,mobile,black,2025-11-20
CUST_0281,42.0,35-44,0.0,16,8700.09,543.755625,792.37,160.15,81,3.46125,35.0,shirt,mobile,red,2026-04-15
CUST_0282,43.0,35-44,1.0,12,6614.28,551.1899999999999,775.74,175.4,53,3.500833333333333,26.833333333333332,jeans,mobile,pink,2026-01-13
CUST_0283,40.0,35-44,0.0,14,7553.39,539.5278571428572,762.58,144.48,58,3.4564285714285714,39.57142857142857,jeans,mobile,red,2025-05-02
CUST_0284,40.0,35-44,1.0,17,8893.52,523.1482352941176,742.35,141.3,81,3.4888235294117647,34.529411764705884,jeans,mobile,red,2026-04-18
CUST_0285,40.0,35-44,0.0,16,6976.5,436.03125,643.94,155.21,86,3.550625,36.25,shoes,mobile,yellow,2026-02-06
CUST_0286,40.0,35-44,1.0,18,10019.550000000001,556.6416666666668,768.26,141.3,90,3.6144444444444446,21.0,jeans,mobile,yellow,2026-06-25
CUST_0287,42.0,35-44,0.0,18,7565.77,420.3205555555556,778.05,112.01,95,3.4544444444444444,27.666666666666668,shoes,mobile,pink,2026-02-22
CUST_0288,42.0,35-44,1.0,11,6468.6900000000005,588.0627272727273,762.17,315.75,50,3.475454545454545,26.818181818181817,t-shirt,mobile,green,2026-05-30
CUST_0289,37.0,35-44,0.0,17,8532.52,501.9129411764706,768.86,112.01,77,3.5176470588235293,36.76470588235294,jeans,mobile,yellow,2026-04-21
CUST_0290,30.0,25-34,2.0,14,8357.61,596.9721428571429,778.05,226.29,81,3.5507142857142857,28.928571428571427,shirt,mobile,pink,2025-12-10
CUST_0291,30.0,25-34,1.0,13,6624.09,509.54538461538465,768.26,115.98,59,3.536153846153846,29.846153846153847,jeans,mobile,blue,2026-01-20
CUST_0292,42.0,35-44,0.0,13,6118.02,470.6169230769231,762.58,225.73,58,3.4546153846153844,23.923076923076923,shirt,mobile,red,2026-01-02
CUST_0293,35.0,35-44,2.0,9,3360.7400000000002,373.41555555555556,661.83,120.65,47,3.3466666666666667,22.666666666666668,jeans,mobile,pink,2026-03-24
CUST_0294,38.0,35-44,1.0,18,8129.360000000001,451.6311111111111,742.35,104.17,88,3.619444444444445,30.0,shoes,mobile,red,2026-03-13
CUST_0295,34.0,25-34,1.0,10,5538.35,553.835,775.74,112.6,46,3.5380000000000003,27.4,t-shirt,desktop,green,2025-10-26
CUST_0296,43.0,35-44,0.0,15,7162.88,477.5253333333333,751.08,104.17,65,3.534,39.13333333333333,shoes,mobile,red,2025-10-11
CUST_0297,42.0,35-44,0.0,14,7943.05,567.3607142857143,751.08,289.63,81,3.440714285714286,35.285714285714285,jeans,mobile,pink,2026-05-25
CUST_0298,44.0,35-44,0.0,14,6970.599999999999,497.9,762.17,104.17,76,3.5535714285714284,36.92857142857143,shirt,mobile,pink,2026-05-04
CUST_0299,35.0,35-44,2.0,17,8762.43,515.4370588235295,778.05,120.65,94,3.5070588235294116,27.058823529411764,jeans,mobile,pink,2026-04-19
CUST_0300,41.0,35-44,2.0,13,6996.35,538.1807692307692,751.08,112.01,63,3.5292307692307694,38.30769230769231,jeans,mobile,red,2026-04-14
CUST_0301,33.0,25-34,1.0,15,8305.41,553.694,778.05,160.15,65,3.5540000000000003,31.933333333333334,shirt,mobile,red,2026-02-27
CUST_0302,30.0,25-34,0.0,13,6330.72,486.97846153846154,728.53,112.6,55,3.5369230769230766,42.46153846153846,jeans,mobile,yellow,2025-08-25
CUST_0303,35.0,35-44,2.0,11,4170.42,379.1290909090909,692.56,115.98,59,3.55,29.181818181818183,shoes,mobile,red,2026-05-08
CUST_0304,42.0,35-44,0.0,11,5912.56,537.5054545454545,768.26,141.3,51,3.5818181818181816,31.818181818181817,t-shirt,mobile,blue,2026-04-11
CUST_0305,42.0,35-44,2.0,5,3079.62,615.924,663.29,545.34,27,3.6060000000000003,31.2,shirt,mobile,pink,2026-01-04
CUST_0306,44.0,35-44,0.0,7,3109.94,444.27714285714285,675.34,144.48,35,3.5,31.857142857142858,shoes,mobile,pink,2025-08-02
CUST_0307,43.0,35-44,0.0,15,6610.53,440.702,720.58,112.6,65,3.6273333333333335,27.733333333333334,jeans,mobile,yellow,2026-05-30
CUST_0308,44.0,35-44,2.0,9,4289.2,476.5777777777778,762.58,115.98,47,3.4233333333333333,37.22222222222222,shoes,mobile,red,2026-02-14
CUST_0309,44.0,35-44,2.0,7,3111.69,444.52714285714285,740.69,155.21,31,3.551428571428571,35.42857142857143,jeans,mobile,blue,2025-11-10
CUST_0310,43.0,35-44,1.0,10,3826.5099999999998,382.65099999999995,708.72,104.17,56,3.729,32.4,shoes,mobile,yellow,2026-01-16
CUST_0311,34.0,25-34,0.0,14,7361.89,525.8492857142858,768.86,245.3,71,3.579285714285714,30.928571428571427,shoes,mobile,red,2026-01-22
CUST_0312,40.0,35-44,1.0,11,4534.43,412.2209090909091,724.95,104.17,58,3.571818181818182,27.09090909090909,shoes,mobile,blue,2026-02-06
CUST_0313,42.0,35-44,0.0,11,6063.09,551.19,699.49,230.21,49,3.527272727272727,33.63636363636363,jeans,mobile,green,2025-10-31
CUST_0314,31.0,25-34,1.0,7,3723.55,531.9357142857143,740.69,112.6,35,3.4899999999999998,30.285714285714285,shirt,mobile,pink,2025-11-12
CUST_0315,43.0,35-44,1.0,15,7783.12,518.8746666666667,775.74,225.73,75,3.493333333333333,23.6,shirt,mobile,orange,2026-04-17
CUST_0316,43.0,35-44,2.0,8,3068.94,383.6175,778.05,144.48,48,3.56875,40.875,jeans,desktop,black,2025-02-03
CUST_0317,34.0,25-34,0.0,11,5323.05,483.9136363636364,792.37,201.59,62,3.49,33.27272727272727,jeans,mobile,green,2026-03-02
CUST_0318,44.0,35-44,0.0,13,5702.17,438.6284615384615,740.69,112.01,65,3.523076923076923,19.153846153846153,t-shirt,mobile,yellow,2026-06-02
CUST_0319,41.0,35-44,0.0,14,6917.99,494.14214285714286,775.74,115.98,64,3.617142857142857,25.357142857142858,shoes,mobile,black,2026-06-03
CUST_0320,41.0,35-44,0.0,15,6581.77,438.7846666666667,792.37,112.6,82,3.6146666666666665,34.8,shirt,mobile,pink,2026-05-23
CUST_0321,37.0,35-44,1.0,13,7431.78,571.6753846153846,792.37,112.6,65,3.487692307692308,30.923076923076923,shoes,mobile,orange,2026-01-22
CUST_0322,34.0,25-34,0.0,12,6939.81,578.3175,762.17,342.6,56,3.405,29.666666666666668,t-shirt,mobile,red,2026-04-18
CUST_0323,44.0,35-44,1.0,10,5078.89,507.889,762.17,155.21,53,3.5,33.0,shirt,mobile,pink,2026-01-31
CUST_0324,41.0,35-44,1.0,11,5305.34,482.3036363636364,728.53,120.65,51,3.5700000000000003,35.0,shirt,mobile,red,2026-01-31
CUST_0325,37.0,35-44,1.0,12,5418.320000000001,451.5266666666667,792.37,112.6,77,3.516666666666667,31.25,jeans,mobile,yellow,2025-10-12
CUST_0326,44.0,35-44,1.0,5,2532.67,506.534,762.58,144.48,30,3.44,24.8,t-shirt,desktop,white,2025-12-13
CUST_0327,39.0,35-44,0.0,16,6829.47,426.841875,720.22,112.6,81,3.54125,26.4375,shirt,mobile,yellow,2026-02-15
CUST_0328,42.0,35-44,2.0,9,3873.67,430.40777777777777,678.99,112.6,45,3.5266666666666664,38.333333333333336,shirt,mobile,yellow,2025-09-24
CUST_0329,35.0,35-44,2.0,12,5604.6900000000005,467.05750000000006,792.37,120.65,54,3.5075000000000003,23.666666666666668,shirt,mobile,pink,2026-03-03
CUST_0330,31.0,25-34,0.0,13,6181.849999999999,475.526923076923,768.26,104.17,67,3.6146153846153846,28.923076923076923,jeans,mobile,yellow,2026-04-02
CUST_0331,42.0,35-44,0.0,18,8644.04,480.2244444444445,762.17,120.65,130,3.5266666666666664,44.5,jeans,mobile,pink,2026-04-05
CUST_0332,44.0,35-44,1.0,10,5772.26,577.226,738.08,315.75,44,3.5730000000000004,34.4,shirt,mobile,pink,2025-12-31
CUST_0333,41.0,35-44,2.0,8,3927.13,490.89125,728.53,160.15,37,3.4575,35.375,shoes,mobile,white,2025-07-01
CUST_0334,36.0,35-44,2.0,10,4488.95,448.895,742.35,155.21,55,3.4579999999999997,29.6,shirt,mobile,black,2026-04-28
CUST_0335,40.0,35-44,2.0,13,7065.04,543.4646153846154,792.37,175.4,63,3.5923076923076924,27.846153846153847,t-shirt,mobile,pink,2026-05-05
CUST_0336,40.0,35-44,2.0,6,2720.04,453.34,762.17,230.21,19,3.391666666666667,25.166666666666668,shoes,mobile,pink,2025-07-18
CUST_0337,32.0,25-34,2.0,5,2576.19,515.238,728.53,225.73,28,3.526,37.4,shirt,mobile,red,2025-12-07
CUST_0338,37.0,35-44,0.0,17,10147.97,596.9394117647058,778.05,155.21,74,3.3623529411764705,39.64705882352941,jeans,mobile,black,2026-02-19
CUST_0339,41.0,35-44,0.0,11,4737.08,430.64363636363635,778.05,175.4,67,3.588181818181818,33.45454545454545,shoes,mobile,green,2025-12-07
CUST_0340,37.0,35-44,2.0,12,5890.63,490.8858333333333,792.37,112.01,60,3.5033333333333334,37.5,shirt,mobile,red,2025-12-02
CUST_0341,32.0,25-34,0.0,19,10426.65,548.771052631579,792.37,245.3,97,3.559473684210526,29.68421052631579,shirt,mobile,black,2026-02-28
CUST_0342,41.0,35-44,0.0,13,6667.39,512.8761538461539,775.74,112.6,70,3.5646153846153843,37.23076923076923,jeans,mobile,black,2025-10-22
CUST_0343,37.0,35-44,1.0,13,5773.35,444.1038461538462,768.86,112.6,72,3.647692307692308,29.307692307692307,t-shirt,mobile,yellow,2026-04-18
CUST_0344,41.0,35-44,1.0,8,4178.99,522.37375,778.05,144.48,33,3.35625,34.5,jeans,mobile,black,2026-02-27
CUST_0345,33.0,25-34,2.0,5,2063.52,412.704,742.35,112.6,19,3.71,18.6,t-shirt,mobile,orange,2026-04-06
CUST_0346,44.0,35-44,1.0,7,2721.8,388.8285714285715,720.22,115.98,32,3.5614285714285714,29.428571428571427,t-shirt,mobile,pink,2025-10-14
CUST_0347,35.0,35-44,1.0,11,4883.67,443.97,720.58,115.98,62,3.5154545454545456,37.72727272727273,shoes,mobile,black,2025-10-20
CUST_0348,34.0,25-34,0.0,8,3392.18,424.0225,768.26,144.48,31,3.5375,29.875,t-shirt,mobile,black,2025-07-10
CUST_0349,43.0,35-44,1.0,7,4118.07,588.2957142857142,738.08,295.17,31,3.4200000000000004,38.142857142857146,jeans,mobile,pink,2025-09-28
CUST_0350,36.0,35-44,0.0,11,6271.66,570.1509090909091,792.37,201.59,40,3.4545454545454546,26.0,t-shirt,mobile,black,2026-02-25
CUST_0351,35.0,35-44,1.0,8,3665.46,458.1825,707.48,104.17,31,3.49875,32.5,shirt,desktop,red,2026-02-27
CUST_0352,38.0,35-44,2.0,7,2993.58,427.6542857142857,751.08,104.17,47,3.65,35.714285714285715,jeans,mobile,red,2025-11-18
CUST_0353,38.0,35-44,2.0,11,5082.66,462.06,728.53,120.65,62,3.519090909090909,36.90909090909091,jeans,mobile,yellow,2026-02-18
CUST_0354,30.0,25-34,1.0,11,5450.29,495.4809090909091,762.58,120.65,51,3.43,39.0,shirt,mobile,pink,2025-05-27
CUST_0355,39.0,35-44,1.0,17,9220.34,542.3729411764706,762.17,115.98,103,3.4341176470588235,22.11764705882353,jeans,mobile,yellow,2026-02-14
CUST_0356,39.0,35-44,0.0,21,11756.67,559.8414285714285,792.37,112.6,108,3.612857142857143,33.42857142857143,shirt,desktop,orange,2026-05-25
CUST_0357,37.0,35-44,0.0,27,14130.95,523.3685185185185,775.74,175.4,145,3.5107407407407405,35.81481481481482,jeans,mobile,pink,2026-06-09
CUST_0358,33.0,25-34,2.0,10,5795.34,579.534,778.05,120.65,48,3.376,41.5,jeans,mobile,green,2026-04-28
CUST_0359,41.0,35-44,1.0,22,11023.44,501.06545454545454,720.22,226.29,95,3.4813636363636364,35.40909090909091,shirt,mobile,pink,2026-06-02
CUST_0360,41.0,35-44,0.0,11,6489.23,589.93,778.05,369.47,57,3.4663636363636368,38.36363636363637,jeans,mobile,white,2025-06-07
CUST_0361,31.0,25-34,0.0,16,9411.45,588.215625,792.37,115.98,85,3.4525,35.5625,shirt,mobile,white,2026-03-11
CUST_0362,39.0,35-44,2.0,8,4555.55,569.44375,740.69,160.15,43,3.58125,24.75,shirt,mobile,red,2026-02-18
CUST_0363,34.0,25-34,0.0,9,4757.22,528.58,710.0,336.56,48,3.4755555555555557,31.88888888888889,shirt,mobile,black,2025-09-20
CUST_0364,41.0,35-44,0.0,23,12549.74,545.6408695652174,738.08,112.6,93,3.4826086956521736,37.21739130434783,shirt,mobile,red,2026-06-05
CUST_0365,43.0,35-44,1.0,11,5168.57,469.86999999999995,710.0,230.21,50,3.42,29.818181818181817,shirt,mobile,yellow,2026-03-21
CUST_0366,37.0,35-44,0.0,19,9709.38,511.02,778.05,104.17,99,3.465263157894737,36.05263157894737,t-shirt,mobile,yellow,2025-10-15
CUST_0367,43.0,35-44,1.0,9,4626.849999999999,514.0944444444444,762.17,245.3,49,3.537777777777778,28.22222222222222,jeans,desktop,black,2025-09-01
CUST_0368,37.0,35-44,1.0,11,4947.82,449.80181818181813,708.72,104.17,52,3.478181818181818,36.0,jeans,mobile,black,2025-10-15
CUST_0369,36.0,35-44,1.0,19,9267.44,487.76000000000005,751.08,225.73,101,3.426842105263158,31.789473684210527,shoes,mobile,white,2026-04-24
CUST_0370,36.0,35-44,2.0,8,4369.31,546.16375,775.74,350.32,32,3.8649999999999998,30.875,jeans,desktop,orange,2026-03-19
CUST_0371,31.0,25-34,1.0,10,4625.47,462.547,778.05,115.98,50,3.537,25.6,jeans,mobile,yellow,2025-05-06
CUST_0372,41.0,35-44,1.0,9,4796.21,532.9122222222222,751.08,120.65,43,3.4566666666666666,30.0,shirt,desktop,black,2026-02-21
CUST_0373,32.0,25-34,0.0,19,10169.26,535.2242105263158,792.37,112.6,98,3.4589473684210525,29.789473684210527,shirt,mobile,black,2026-02-25
CUST_0374,38.0,35-44,0.0,13,6253.76,481.05846153846153,778.05,144.48,59,3.4384615384615387,35.30769230769231,jeans,mobile,red,2025-07-19
CUST_0375,35.0,35-44,1.0,17,8087.17,475.7158823529412,751.08,104.17,83,3.4994117647058824,33.294117647058826,shirt,mobile,red,2026-05-14
CUST_0376,42.0,35-44,0.0,12,5176.89,431.4075,778.05,112.6,52,3.4299999999999997,30.833333333333332,shoes,desktop,yellow,2026-05-14
CUST_0377,33.0,25-34,1.0,9,5352.34,594.7044444444444,751.08,160.15,49,3.4955555555555557,33.55555555555556,shoes,mobile,red,2026-03-21
CUST_0378,32.0,25-34,1.0,12,6629.71,552.4758333333333,720.58,144.48,57,3.5124999999999997,34.25,jeans,mobile,black,2025-12-07
CUST_0379,40.0,35-44,1.0,11,5901.97,536.5427272727273,792.37,120.65,50,3.433636363636363,38.63636363636363,shirt,mobile,pink,2026-01-14
CUST_0380,34.0,25-34,2.0,8,4244.04,530.505,762.17,175.4,40,3.6437500000000003,39.0,jeans,desktop,pink,2026-01-01
CUST_0381,34.0,25-34,1.0,12,6210.94,517.5783333333333,775.74,225.73,52,3.6808333333333336,24.25,shoes,mobile,black,2025-12-28
CUST_0382,30.0,25-34,0.0,15,8527.3,568.4866666666666,792.37,261.85,68,3.6646666666666667,27.6,shirt,mobile,pink,2026-03-13
CUST_0383,37.0,35-44,0.0,18,9112.77,506.26500000000004,792.37,115.98,94,3.5272222222222225,27.88888888888889,jeans,mobile,pink,2026-02-01
CUST_0384,32.0,25-34,0.0,13,6433.61,494.8930769230769,778.05,115.98,54,3.416923076923077,31.615384615384617,jeans,mobile,yellow,2026-04-17
CUST_0385,41.0,35-44,2.0,14,7493.360000000001,535.24,792.37,226.29,59,3.4771428571428573,28.714285714285715,shirt,mobile,black,2025-11-28
CUST_0386,31.0,25-34,1.0,11,5561.82,505.61999999999995,778.05,120.65,55,3.478181818181818,42.27272727272727,jeans,mobile,pink,2025-11-04
CUST_0387,40.0,35-44,1.0,13,6328.0,486.7692307692308,775.74,120.65,73,3.5523076923076924,25.923076923076923,shirt,mobile,orange,2026-05-14
CUST_0388,40.0,35-44,1.0,10,6357.58,635.758,775.74,441.48,47,3.499,40.4,jeans,mobile,white,2025-11-18
CUST_0389,34.0,25-34,1.0,7,3793.79,541.97,775.74,160.15,35,3.617142857142857,26.428571428571427,jeans,mobile,black,2025-07-31
CUST_0390,44.0,35-44,0.0,14,6571.27,469.3764285714286,768.86,144.48,66,3.4828571428571427,38.92857142857143,t-shirt,mobile,green,2025-09-21
CUST_0391,43.0,35-44,1.0,9,5329.22,592.1355555555556,762.17,401.38,41,3.4044444444444446,32.888888888888886,t-shirt,mobile,pink,2026-01-19
CUST_0392,32.0,25-34,2.0,13,6628.09,509.8530769230769,775.74,112.01,66,3.5076923076923077,25.46153846153846,jeans,mobile,yellow,2026-01-23
CUST_0393,31.0,25-34,0.0,12,5622.21,468.5175,778.05,112.6,56,3.5416666666666665,28.5,shirt,desktop,yellow,2026-03-25
CUST_0394,36.0,35-44,2.0,6,2895.55,482.5916666666667,692.56,315.75,29,3.4433333333333334,43.5,t-shirt,mobile,red,2025-10-02
CUST_0395,36.0,35-44,2.0,9,4625.7,513.9666666666667,751.08,175.4,47,3.536666666666667,43.111111111111114,shirt,mobile,yellow,2025-12-23
CUST_0396,33.0,25-34,1.0,12,4615.85,384.6541666666667,768.26,112.6,61,3.529166666666667,33.333333333333336,shoes,desktop,black,2025-12-31
CUST_0397,41.0,35-44,1.0,13,5909.06,454.54307692307697,742.35,115.98,63,3.617692307692308,28.307692307692307,shoes,mobile,pink,2026-02-24
CUST_0398,35.0,35-44,1.0,10,5794.68,579.4680000000001,768.26,226.29,41,3.348,25.2,shirt,mobile,black,2026-02-23
CUST_0399,38.0,35-44,2.0,8,3650.9300000000003,456.36625000000004,682.01,244.01,33,3.51875,43.125,shoes,mobile,red,2025-01-04
CUST_0400,39.0,35-44,2.0,5,2469.5299999999997,493.90599999999995,792.37,336.56,27,3.59,29.8,jeans,mobile,yellow,2026-03-26
CUST_0401,59.0,55-64,2.0,13,30697.260000000002,2361.3276923076924,2981.84,1545.75,71,3.626923076923077,24.615384615384617,shoes,desktop,black,2025-08-27
CUST_0402,61.0,55-64,0.0,26,56440.35,2170.7826923076923,2956.56,1554.72,120,3.566923076923077,28.076923076923077,shoes,desktop,black,2025-09-21
CUST_0403,55.0,55-64,1.0,20,45053.59,2252.6794999999997,2988.13,1537.69,107,3.3045,24.05,blouse,desktop,black,2025-09-27
CUST_0404,56.0,55-64,0.0,18,38108.89,2117.1605555555557,2923.65,1581.3,74,3.561111111111111,25.444444444444443,suit,desktop,black,2025-09-24
CUST_0405,59.0,55-64,1.0,22,48979.89,2226.3586363636364,2998.64,1652.71,101,3.522272727272727,36.59090909090909,slacks,desktop,black,2025-05-10
CUST_0406,64.0,55-64,2.0,16,37392.6,2337.0375,2923.65,1686.55,61,3.489375,31.75,slacks,desktop,white,2025-07-24
CUST_0407,56.0,55-64,0.0,18,40981.65,2276.758333333333,2956.56,1545.75,78,3.481111111111111,22.666666666666668,suit,desktop,black,2025-09-12
CUST_0408,64.0,55-64,2.0,14,30545.75,2181.839285714286,2988.13,1652.71,45,3.525714285714286,31.428571428571427,slacks,desktop,white,2025-05-13
CUST_0409,68.0,65+,1.0,23,53828.58,2340.373043478261,2981.84,1742.84,131,3.5595652173913046,28.47826086956522,slacks,desktop,black,2025-06-25
CUST_0410,61.0,55-64,2.0,13,31864.31,2451.1007692307694,2851.27,2009.49,63,3.363076923076923,25.153846153846153,slacks,desktop,black,2025-10-20
CUST_0411,57.0,55-64,0.0,16,36178.35,2261.146875,2923.65,1771.06,95,3.58125,25.375,slacks,desktop,black,2025-09-15
CUST_0412,61.0,55-64,0.0,26,58100.27,2234.625769230769,2998.64,1504.1,125,3.5288461538461537,26.615384615384617,shoes,desktop,black,2025-10-21
CUST_0413,59.0,55-64,2.0,12,25389.579999999998,2115.798333333333,2708.94,1504.1,43,3.5283333333333338,26.333333333333332,blouse,desktop,black,2025-07-14
CUST_0414,72.0,65+,0.0,18,40166.45,2231.4694444444444,2998.64,1762.57,79,3.4727777777777775,27.666666666666668,shoes,desktop,white,2025-06-02
CUST_0415,60.0,55-64,0.0,30,67792.0,2259.733333333333,2988.13,1539.08,140,3.6376666666666666,25.066666666666666,slacks,desktop,black,2025-08-30
CUST_0416,57.0,55-64,1.0,17,34930.86,2054.7564705882355,2936.54,1504.1,77,3.571764705882353,37.411764705882355,shoes,desktop,black,2025-06-18
CUST_0417,66.0,65+,1.0,17,39933.18,2349.010588235294,2998.64,1742.84,75,3.5588235294117645,32.35294117647059,slacks,desktop,black,2025-06-20
CUST_0418,70.0,65+,1.0,21,44094.159999999996,2099.7219047619046,2998.64,1537.69,109,3.5476190476190474,34.142857142857146,shoes,desktop,black,2025-08-14
CUST_0419,66.0,65+,1.0,14,36508.27,2607.7335714285714,2998.64,1581.3,60,3.573571428571429,29.857142857142858,shoes,desktop,black,2025-09-14
CUST_0420,70.0,65+,2.0,19,41175.06,2167.1084210526315,2981.84,1504.1,95,3.47,24.05263157894737,blouse,desktop,black,2025-10-22
CUST_0421,59.0,55-64,2.0,17,36961.7,2174.2176470588233,2722.91,1537.69,78,3.6370588235294115,30.941176470588236,slacks,desktop,black,2025-09-24
CUST_0422,74.0,65+,0.0,22,46037.38,2092.6081818181815,2863.02,1504.1,106,3.5304545454545457,34.5,slacks,desktop,black,2025-08-25
CUST_0423,60.0,55-64,1.0,20,46717.44,2335.8720000000003,2981.84,1618.72,84,3.592,38.3,slacks,desktop,black,2025-09-03
CUST_0424,72.0,65+,1.0,23,51313.57,2231.0247826086957,2988.13,1581.3,108,3.5756521739130434,38.34782608695652,slacks,desktop,white,2025-07-03
CUST_0425,63.0,55-64,0.0,26,57066.48,2194.8646153846157,2722.91,1504.1,119,3.584230769230769,25.53846153846154,slacks,desktop,black,2025-09-15
CUST_0426,58.0,55-64,2.0,18,38831.9,2157.327777777778,2936.54,1537.69,98,3.4911111111111115,21.22222222222222,slacks,desktop,black,2025-09-30
CUST_0427,59.0,55-64,1.0,17,38377.67,2257.5099999999998,2724.44,1554.72,75,3.5647058823529414,23.11764705882353,shoes,desktop,black,2025-08-15
CUST_0428,60.0,55-64,1.0,19,40031.87,2106.9405263157896,2770.95,1504.1,109,3.5273684210526315,32.68421052631579,suit,desktop,black,2025-06-12
CUST_0429,68.0,65+,2.0,14,32322.94,2308.7814285714285,2863.02,1581.3,69,3.512857142857143,28.071428571428573,shoes,desktop,white,2025-07-13
CUST_0430,63.0,55-64,1.0,18,37932.87,2107.3816666666667,2981.84,1554.72,82,3.536111111111111,33.388888888888886,slacks,desktop,black,2025-07-11
CUST_0431,68.0,65+,0.0,17,36745.57,2161.5041176470586,2722.91,1766.82,86,3.5394117647058825,28.470588235294116,shoes,desktop,white,2025-08-20
CUST_0432,55.0,55-64,2.0,12,25766.04,2147.17,2988.13,1504.1,60,3.499166666666667,41.083333333333336,blouse,desktop,black,2025-03-21
CUST_0433,68.0,65+,0.0,22,47070.34,2139.560909090909,2755.95,1607.72,122,3.5031818181818184,32.72727272727273,slacks,desktop,white,2025-07-22
CUST_0434,56.0,55-64,2.0,13,25539.97,1964.613076923077,2359.86,1537.69,53,3.7046153846153844,35.23076923076923,suit,desktop,black,2025-07-28
CUST_0435,67.0,65+,0.0,19,44543.49,2344.394210526316,2988.13,1766.82,96,3.5373684210526313,35.8421052631579,slacks,desktop,black,2025-06-27
CUST_0436,60.0,55-64,0.0,23,52162.83,2267.9491304347825,2863.02,1618.72,107,3.5256521739130435,33.21739130434783,slacks,desktop,white,2025-10-28
CUST_0437,73.0,65+,1.0,21,47844.67,2278.317619047619,2998.64,1652.71,92,3.488095238095238,33.23809523809524,slacks,desktop,black,2025-06-28
CUST_0438,56.0,55-64,0.0,26,59461.03,2286.962692307692,2863.02,1539.08,127,3.691153846153846,27.307692307692307,slacks,desktop,black,2025-08-16
CUST_0439,63.0,55-64,0.0,17,36669.03,2157.001764705882,2988.13,1504.1,88,3.454705882352941,35.588235294117645,blouse,desktop,black,2025-07-09
CUST_0440,68.0,65+,2.0,14,32437.32,2316.9514285714286,2956.56,1686.55,67,3.445,23.857142857142858,blouse,desktop,black,2025-09-08
CUST_0441,58.0,55-64,1.0,23,49930.869999999995,2170.9073913043476,2988.13,1581.3,124,3.4991304347826087,26.304347826086957,blouse,desktop,black,2025-08-01
CUST_0442,74.0,65+,0.0,30,65727.52,2190.9173333333333,2998.64,1537.69,158,3.541333333333333,26.8,slacks,desktop,white,2025-09-11
CUST_0443,72.0,65+,1.0,17,33524.2,1972.0117647058821,2724.44,1539.08,80,3.7070588235294117,22.294117647058822,slacks,desktop,black,2025-08-10
CUST_0444,58.0,55-64,2.0,19,42040.99,2212.6836842105263,2981.84,1652.71,111,3.413157894736842,28.210526315789473,slacks,desktop,black,2025-10-30
CUST_0445,59.0,55-64,0.0,17,38643.71,2273.159411764706,2851.27,1581.3,97,3.4805882352941175,30.647058823529413,slacks,desktop,black,2025-08-04
CUST_0446,60.0,55-64,0.0,23,52196.79,2269.425652173913,2981.84,1742.84,106,3.4895652173913048,26.391304347826086,slacks,desktop,black,2025-10-07
CUST_0447,61.0,55-64,2.0,16,34154.06,2134.62875,2724.44,1537.69,72,3.4325,31.1875,slacks,desktop,black,2025-04-22
CUST_0448,72.0,65+,0.0,22,47542.67,2161.0304545454546,2863.02,1641.17,95,3.553636363636364,28.636363636363637,slacks,desktop,black,2025-09-19
CUST_0449,65.0,65+,0.0,25,57741.4,2309.656,2988.13,1618.72,139,3.638,30.6,slacks,desktop,black,2025-10-04
CUST_0450,58.0,55-64,1.0,18,38655.13,2147.507222222222,2708.94,1618.72,74,3.4894444444444446,30.555555555555557,slacks,desktop,black,2025-09-11
CUST_0451,57.0,55-64,0.0,19,42785.4,2251.863157894737,2998.64,1607.72,97,3.453684210526316,33.21052631578947,shoes,desktop,black,2025-10-26
CUST_0452,64.0,55-64,2.0,16,36148.02,2259.25125,2988.13,1545.75,82,3.499375,22.6875,suit,desktop,black,2025-10-16
CUST_0453,63.0,55-64,2.0,15,31552.26,2103.484,2863.02,1539.08,51,3.5966666666666667,30.133333333333333,slacks,desktop,black,2025-07-17
CUST_0454,64.0,55-64,0.0,22,48265.4,2193.8818181818183,2998.64,1504.1,125,3.462727272727273,29.045454545454547,shoes,desktop,black,2025-08-24
CUST_0455,65.0,65+,0.0,28,59563.45,2127.266071428571,2998.64,1618.72,129,3.5357142857142856,36.25,slacks,desktop,black,2025-07-05
CUST_0456,71.0,65+,0.0,24,51593.59,2149.7329166666664,2819.33,1607.72,130,3.5620833333333333,28.75,suit,desktop,black,2025-09-25
CUST_0457,73.0,65+,1.0,14,29570.74,2112.1957142857145,2981.84,1545.75,92,3.3150000000000004,30.071428571428573,slacks,desktop,black,2025-10-04
CUST_0458,62.0,55-64,2.0,16,33953.45,2122.090625,2641.31,1504.1,99,3.568125,30.5625,suit,desktop,white,2025-09-12
CUST_0459,67.0,65+,2.0,9,19302.89,2144.7655555555557,2981.84,1607.72,43,3.411111111111111,22.22222222222222,shoes,desktop,black,2025-09-17
CUST_0460,68.0,65+,0.0,15,34770.63,2318.042,2956.56,1581.3,68,3.3666666666666667,23.6,slacks,desktop,black,2025-09-20
CUST_0461,73.0,65+,1.0,16,36445.51,2277.844375,2863.02,1545.75,75,3.5768750000000002,26.375,slacks,desktop,black,2025-09-28
CUST_0462,62.0,55-64,2.0,14,31910.67,2279.3335714285713,2956.56,1618.72,65,3.545714285714286,25.0,shoes,desktop,white,2025-08-03
CUST_0463,71.0,65+,0.0,15,31701.8,2113.4533333333334,2584.92,1545.75,88,3.469333333333333,37.333333333333336,slacks,desktop,black,2025-07-25
CUST_0464,56.0,55-64,0.0,24,53456.63,2227.3595833333334,2988.13,1539.08,133,3.564583333333333,23.833333333333332,slacks,desktop,black,2025-07-25
CUST_0465,63.0,55-64,1.0,13,27398.12,2107.547692307692,2988.13,1545.75,66,3.581538461538462,25.384615384615383,slacks,desktop,white,2025-07-01
CUST_0466,64.0,55-64,0.0,10,21343.72,2134.3720000000003,2708.94,1618.72,44,3.5829999999999997,36.8,shoes,desktop,black,2025-06-02
CUST_0467,67.0,65+,2.0,17,36106.36,2123.903529411765,2988.13,1504.1,91,3.53,27.764705882352942,slacks,desktop,white,2025-04-24
CUST_0468,57.0,55-64,1.0,21,47564.79,2264.9900000000002,2981.84,1504.1,111,3.494761904761905,25.333333333333332,slacks,desktop,black,2025-09-23
CUST_0469,63.0,55-64,1.0,15,36933.13,2462.2086666666664,2998.64,1545.75,73,3.6606666666666663,26.933333333333334,blouse,desktop,black,2025-08-27
CUST_0470,72.0,65+,1.0,18,40426.11,2245.895,2988.13,1504.1,87,3.4483333333333333,37.333333333333336,shoes,desktop,black,2025-09-02
CUST_0471,73.0,65+,2.0,13,30045.53,2311.194615384615,2956.56,1618.72,77,3.4853846153846155,24.307692307692307,shoes,desktop,white,2025-08-20
CUST_0472,61.0,55-64,2.0,11,24751.89,2250.1718181818183,2755.95,1766.82,50,3.630909090909091,31.09090909090909,slacks,desktop,black,2025-07-01
CUST_0473,62.0,55-64,1.0,21,48584.47,2313.5461904761905,2981.84,1539.08,89,3.5652380952380955,27.476190476190474,slacks,desktop,black,2025-08-22
CUST_0474,65.0,65+,1.0,21,46143.67,2197.317619047619,2998.64,1545.75,122,3.520952380952381,29.142857142857142,suit,desktop,black,2025-08-18
CUST_0475,67.0,65+,1.0,16,32628.059999999998,2039.2537499999999,2988.13,1537.69,81,3.5425,26.1875,slacks,desktop,white,2025-08-11
CUST_0476,72.0,65+,1.0,24,52890.5,2203.7708333333335,2936.54,1537.69,115,3.5708333333333333,28.083333333333332,slacks,desktop,black,2025-08-28
CUST_0477,67.0,65+,0.0,32,65421.66,2044.426875,2988.13,1504.1,176,3.5759375,28.3125,shoes,desktop,white,2025-09-02
CUST_0478,57.0,55-64,1.0,23,50251.85,2184.863043478261,2988.13,1537.69,101,3.574782608695652,33.391304347826086,slacks,desktop,black,2025-07-25
CUST_0479,61.0,55-64,1.0,13,27186.79,2091.2915384615385,2584.92,1504.1,61,3.519230769230769,39.92307692307692,slacks,desktop,black,2025-04-22
CUST_0480,62.0,55-64,2.0,16,33914.26,2119.64125,2981.84,1539.08,72,3.521875,20.8125,slacks,desktop,black,2025-09-26
CUST_0481,60.0,55-64,1.0,11,24793.51,2253.9554545454544,2923.65,1742.84,58,3.55,27.181818181818183,shoes,desktop,black,2025-09-02
CUST_0482,64.0,55-64,1.0,25,59354.63,2374.1852,2998.64,1554.72,127,3.52,28.6,shoes,desktop,black,2025-06-19
CUST_0483,68.0,65+,0.0,27,62808.38,2326.236296296296,2998.64,1607.72,126,3.558888888888889,25.0,shoes,desktop,black,2025-09-01
CUST_0484,67.0,65+,2.0,25,55342.59,2213.7036,2770.95,1766.82,133,3.6112,32.52,slacks,desktop,black,2025-09-22
CUST_0485,72.0,65+,0.0,20,45725.1,2286.255,2981.84,1607.72,118,3.4665,21.55,slacks,desktop,white,2025-07-24
CUST_0486,65.0,65+,0.0,23,52813.08,2296.2208695652175,2981.84,1537.69,112,3.427391304347826,24.434782608695652,blouse,desktop,black,2025-09-11
CUST_0487,59.0,55-64,2.0,15,34269.69,2284.646,2923.65,1554.72,83,3.6133333333333337,19.733333333333334,slacks,desktop,black,2025-09-08
CUST_0488,64.0,55-64,2.0,15,31406.82,2093.788,2923.65,1504.1,66,3.5300000000000002,35.333333333333336,slacks,desktop,white,2025-07-02
CUST_0489,62.0,55-64,1.0,17,39132.25,2301.8970588235293,2988.13,1652.71,80,3.405294117647059,33.11764705882353,shoes,desktop,black,2025-10-07
CUST_0490,67.0,65+,1.0,13,29137.96,2241.381538461538,2998.64,1713.07,76,3.369230769230769,28.153846153846153,shoes,desktop,black,2025-09-02
CUST_0491,69.0,65+,0.0,22,47664.06,2166.5481818181815,2755.95,1554.72,103,3.6254545454545455,23.90909090909091,suit,desktop,black,2025-08-17
CUST_0492,74.0,65+,1.0,15,31068.4,2071.226666666667,2851.27,1539.08,78,3.6486666666666663,30.8,slacks,desktop,white,2025-07-02
CUST_0493,73.0,65+,1.0,23,51687.659999999996,2247.289565217391,2936.54,1762.57,122,3.425217391304348,30.782608695652176,slacks,desktop,white,2025-09-08
CUST_0494,67.0,65+,1.0,22,47028.119999999995,2137.641818181818,2641.31,1537.69,116,3.5236363636363635,32.59090909090909,slacks,desktop,black,2025-08-08
CUST_0495,58.0,55-64,2.0,15,33488.46,2232.564,2998.64,1686.55,57,3.527333333333333,34.46666666666667,slacks,desktop,black,2025-05-22
CUST_0496,71.0,65+,1.0,24,53618.97,2234.12375,2923.65,1539.08,139,3.4891666666666663,27.125,shoes,desktop,black,2025-10-11
CUST_0497,69.0,65+,2.0,13,26419.07,2032.236153846154,2622.84,1665.67,62,3.5546153846153845,31.076923076923077,slacks,desktop,white,2025-08-19
CUST_0498,58.0,55-64,0.0,30,64908.549999999996,2163.6183333333333,2851.27,1504.1,158,3.502666666666667,22.5,shoes,desktop,black,2025-09-12
CUST_0499,69.0,65+,2.0,18,43119.270000000004,2395.5150000000003,2988.13,1762.57,87,3.5394444444444444,33.05555555555556,slacks,desktop,white,2025-08-02
CUST_0500,70.0,65+,1.0,23,50110.31,2178.7091304347823,2998.64,1607.72,129,3.4882608695652175,32.21739130434783,shoes,desktop,white,2025-06-28
