customer_id,total_compras,total_gasto,promedio_gasto,max_gasto,antiguedad_dias,dias_desde_ultima_compra,frecuencia_compra,gasto_por_compra
CUST_0001,24,29321.02,1221.7091666666668,1490.65,294,44,0.08163265306122448,1221.7091666666668
CUST_0002,12,14917.26,1243.105,1490.65,536,6,0.022388059701492536,1243.105
CUST_0003,8,10360.28,1295.035,1489.03,333,20,0.024024024024024024,1295.035
CUST_0004,14,17997.62,1285.5442857142857,1490.05,39,39,0.358974358974359,1285.5442857142857
CUST_0005,15,17594.88,1172.992,1433.47,247,110,0.06072874493927125,1172.992
CUST_0006,17,20611.27,1212.4276470588236,1487.42,19,227,0.8947368421052632,1212.4276470588236
CUST_0007,15,18391.02,1226.068,1489.26,428,14,0.035046728971962614,1226.068
CUST_0008,9,11724.119999999999,1302.6799999999998,1486.39,348,15,0.02586206896551724,1302.6799999999998
CUST_0009,7,8408.12,1201.16,1490.05,679,121,0.010309278350515464,1201.16
CUST_0010,17,21921.52,1289.5011764705882,1490.65,97,29,0.17525773195876287,1289.5011764705882
CUST_0011,17,22018.59,1295.2111764705883,1489.26,52,75,0.3269230769230769,1295.2111764705883
CUST_0012,11,14364.15,1305.831818181818,1489.26,607,29,0.018121911037891267,1305.831818181818
CUST_0013,9,11052.039999999999,1228.0044444444443,1482.01,173,93,0.05202312138728324,1228.0044444444443
CUST_0014,10,12534.74,1253.474,1490.65,793,91,0.012610340479192938,1253.474
CUST_0015,6,7697.44,1282.9066666666665,1482.01,743,281,0.008075370121130552,1282.9066666666665
CUST_0016,12,15154.96,1262.9133333333332,1489.03,203,23,0.059113300492610835,1262.9133333333332
CUST_0017,8,10473.51,1309.18875,1482.01,838,12,0.00954653937947494,1309.18875
CUST_0018,9,11390.789999999999,1265.6433333333332,1482.01,651,185,0.013824884792626729,1265.6433333333332
CUST_0019,8,10381.84,1297.73,1495.27,603,19,0.013266998341625208,1297.73
CUST_0020,3,3825.1099999999997,1275.0366666666666,1457.27,954,57,0.0031446540880503146,1275.0366666666666
CUST_0021,10,12214.55,1221.455,1360.0,947,76,0.010559662090813094,1221.455
CUST_0022,11,13860.24,1260.0218181818182,1490.65,311,47,0.03536977491961415,1260.0218181818182
CUST_0023,13,16208.029999999999,1246.7715384615383,1475.75,382,19,0.034031413612565446,1246.7715384615383
CUST_0024,9,10575.94,1175.1044444444444,1404.93,492,10,0.018292682926829267,1175.1044444444444
CUST_0025,9,12012.310000000001,1334.7011111111112,1489.26,980,19,0.009183673469387756,1334.7011111111112
CUST_0026,15,19834.14,1322.276,1487.42,131,1,0.11450381679389313,1322.276
CUST_0027,8,9764.36,1220.545,1441.13,510,0,0.01568627450980392,1220.545
CUST_0028,6,7180.65,1196.7749999999999,1490.65,959,191,0.006256517205422315,1196.7749999999999
CUST_0029,14,17577.36,1255.5257142857142,1490.65,199,23,0.07035175879396985,1255.5257142857142
CUST_0030,15,18667.32,1244.488,1469.53,199,27,0.07537688442211055,1244.488
CUST_0031,13,16424.86,1263.4507692307693,1487.42,489,90,0.026584867075664622,1263.4507692307693
CUST_0032,17,21078.86,1239.9329411764706,1489.26,37,7,0.4594594594594595,1239.9329411764706
CUST_0033,15,18659.54,1243.9693333333335,1489.26,285,74,0.05263157894736842,1243.9693333333335
CUST_0034,19,24559.12,1292.5852631578946,1490.65,176,40,0.10795454545454546,1292.5852631578946
CUST_0035,10,13376.66,1337.666,1490.65,387,4,0.025839793281653745,1337.666
CUST_0036,8,9875.5,1234.4375,1439.79,727,71,0.011004126547455296,1234.4375
CUST_0037,16,21972.53,1373.283125,1490.05,370,123,0.043243243243243246,1373.283125
CUST_0038,7,8637.57,1233.9385714285713,1482.01,775,124,0.00903225806451613,1233.9385714285713
CUST_0039,6,6959.12,1159.8533333333332,1374.32,865,70,0.006936416184971098,1159.8533333333332
CUST_0040,16,20090.5,1255.65625,1487.42,159,37,0.10062893081761007,1255.65625
CUST_0041,11,13803.7,1254.8818181818183,1482.01,701,28,0.015691868758915834,1254.8818181818183
CUST_0042,12,15258.48,1271.54,1482.01,851,13,0.01410105757931845,1271.54
CUST_0043,10,13587.72,1358.772,1495.27,224,13,0.044642857142857144,1358.772
CUST_0044,16,19880.48,1242.53,1487.42,32,149,0.5,1242.53
CUST_0045,16,20859.3,1303.70625,1490.05,506,13,0.03162055335968379,1303.70625
CUST_0046,10,13399.029999999999,1339.9029999999998,1489.82,354,11,0.02824858757062147,1339.9029999999998
CUST_0047,5,6781.18,1356.236,1444.44,580,53,0.008620689655172414,1356.236
CUST_0048,10,12542.2,1254.22,1487.42,649,5,0.015408320493066256,1254.22
CUST_0049,9,12159.51,1351.0566666666666,1495.27,98,30,0.09183673469387756,1351.0566666666666
CUST_0050,10,13151.13,1315.1129999999998,1482.01,986,48,0.010141987829614604,1315.1129999999998
CUST_0051,8,10142.05,1267.75625,1482.01,941,125,0.008501594048884165,1267.75625
CUST_0052,12,15375.09,1281.2575,1490.65,27,32,0.4444444444444444,1281.2575
CUST_0053,13,16790.81,1291.6007692307694,1489.82,485,50,0.026804123711340205,1291.6007692307694
CUST_0054,12,15224.58,1268.715,1490.65,289,7,0.04152249134948097,1268.715
CUST_0055,13,17273.63,1328.7407692307693,1489.26,415,17,0.03132530120481928,1328.7407692307693
CUST_0056,8,10053.18,1256.6475,1444.44,800,221,0.01,1256.6475
CUST_0057,13,16595.0,1276.5384615384614,1482.01,245,136,0.053061224489795916,1276.5384615384614
CUST_0058,10,12565.52,1256.5520000000001,1490.65,712,30,0.014044943820224719,1256.5520000000001
CUST_0059,15,18085.93,1205.7286666666666,1487.42,116,87,0.12931034482758622,1205.7286666666666
CUST_0060,11,13660.4,1241.8545454545454,1486.39,448,7,0.024553571428571428,1241.8545454545454
CUST_0061,8,9536.779999999999,1192.0974999999999,1472.85,837,170,0.009557945041816009,1192.0974999999999
CUST_0062,10,12564.210000000001,1256.421,1495.27,958,50,0.010438413361169102,1256.421
CUST_0063,4,5449.61,1362.4025,1417.74,896,391,0.004464285714285714,1362.4025
CUST_0064,10,12191.0,1219.1,1475.75,739,14,0.013531799729364006,1219.1
CUST_0065,13,15684.79,1206.5223076923078,1457.27,429,1,0.030303030303030304,1206.5223076923078
CUST_0066,9,11848.76,1316.528888888889,1475.75,707,38,0.01272984441301273,1316.528888888889
CUST_0067,6,7887.35,1314.5583333333334,1482.01,891,55,0.006734006734006734,1314.5583333333334
CUST_0068,15,18831.239999999998,1255.416,1482.01,236,26,0.0635593220338983,1255.416
CUST_0069,13,15674.25,1205.7115384615386,1374.32,167,225,0.07784431137724551,1205.7115384615386
CUST_0070,17,20721.41,1218.9064705882354,1490.05,219,44,0.0776255707762557,1218.9064705882354
CUST_0071,8,9955.19,1244.39875,1482.01,903,37,0.008859357696566999,1244.39875
CUST_0072,11,14491.039999999999,1317.3672727272726,1495.27,330,6,0.03333333333333333,1317.3672727272726
CUST_0073,16,20667.5,1291.71875,1490.05,425,7,0.03764705882352941,1291.71875
CUST_0074,6,7149.77,1191.6283333333333,1490.65,941,82,0.006376195536663124,1191.6283333333333
CUST_0075,11,14134.37,1284.9427272727273,1482.01,423,3,0.026004728132387706,1284.9427272727273
CUST_0076,17,21859.02,1285.8247058823529,1490.05,118,25,0.1440677966101695,1285.8247058823529
CUST_0077,12,14611.17,1217.5975,1482.01,59,66,0.2033898305084746,1217.5975
CUST_0078,10,12318.14,1231.8139999999999,1490.65,325,42,0.03076923076923077,1231.8139999999999
CUST_0079,6,7522.83,1253.805,1474.05,937,15,0.0064034151547491995,1253.805
CUST_0080,15,17954.73,1196.982,1482.01,204,37,0.07352941176470588,1196.982
CUST_0081,9,11211.65,1245.7388888888888,1490.65,361,74,0.024930747922437674,1245.7388888888888
CUST_0082,18,22817.9,1267.6611111111113,1457.27,394,6,0.04568527918781726,1267.6611111111113
CUST_0083,9,10432.31,1159.1455555555556,1314.0,548,289,0.016423357664233577,1159.1455555555556
CUST_0084,8,10005.52,1250.69,1489.82,841,87,0.009512485136741973,1250.69
CUST_0085,10,12885.03,1288.5030000000002,1489.26,21,205,0.47619047619047616,1288.5030000000002
CUST_0086,11,14632.81,1330.2554545454545,1487.42,83,24,0.13253012048192772,1330.2554545454545
CUST_0087,8,9287.71,1160.96375,1362.81,706,80,0.0113314447592068,1160.96375
CUST_0088,11,13537.46,1230.6781818181817,1486.39,237,74,0.046413502109704644,1230.6781818181817
CUST_0089,10,12214.28,1221.428,1486.39,336,28,0.02976190476190476,1221.428
CUST_0090,11,14125.71,1284.1554545454544,1475.75,979,33,0.011235955056179775,1284.1554545454544
CUST_0091,10,14054.0,1405.4,1495.27,520,0,0.019230769230769232,1405.4
CUST_0092,20,25386.0,1269.3,1490.05,66,46,0.30303030303030304,1269.3
CUST_0093,10,12229.88,1222.9879999999998,1454.61,418,3,0.023923444976076555,1222.9879999999998
CUST_0094,6,7510.0599999999995,1251.6766666666665,1490.05,598,95,0.010033444816053512,1251.6766666666665
CUST_0095,5,6183.51,1236.702,1482.01,960,12,0.005208333333333333,1236.702
CUST_0096,17,20907.36,1229.844705882353,1475.75,577,51,0.029462738301559793,1229.844705882353
CUST_0097,12,15386.18,1282.1816666666666,1489.82,502,12,0.02390438247011952,1282.1816666666666
CUST_0098,13,16671.53,1282.4253846153845,1495.27,234,10,0.05555555555555555,1282.4253846153845
CUST_0099,18,22335.05,1240.836111111111,1490.05,256,38,0.0703125,1240.836111111111
CUST_0100,10,12087.37,1208.737,1417.74,331,29,0.030211480362537766,1208.737
CUST_0101,8,10260.06,1282.5075,1454.61,470,48,0.01702127659574468,1282.5075
CUST_0102,8,10713.42,1339.1775,1487.42,399,2,0.020050125313283207,1339.1775
CUST_0103,10,12492.82,1249.282,1482.01,818,74,0.012224938875305624,1249.282
CUST_0104,17,21830.59,1284.1523529411766,1495.27,730,37,0.023287671232876714,1284.1523529411766
CUST_0105,9,10474.51,1163.8344444444444,1417.74,489,37,0.018404907975460124,1163.8344444444444
CUST_0106,22,27793.82,1263.3554545454544,1489.82,47,22,0.46808510638297873,1263.3554545454544
CUST_0107,9,11150.1,1238.9,1489.82,426,163,0.02112676056338028,1238.9
CUST_0108,12,15185.13,1265.4275,1490.65,361,24,0.0332409972299169,1265.4275
CUST_0109,16,20591.85,1286.990625,1495.27,337,19,0.04747774480712166,1286.990625
CUST_0110,12,14459.85,1204.9875,1495.27,765,213,0.01568627450980392,1204.9875
CUST_0111,13,16719.27,1286.0976923076923,1489.82,361,0,0.036011080332409975,1286.0976923076923
CUST_0112,15,18945.489999999998,1263.0326666666665,1495.27,347,66,0.043227665706051875,1263.0326666666665
CUST_0113,16,21240.57,1327.535625,1495.27,484,7,0.03305785123966942,1327.535625
CUST_0114,11,13458.43,1223.4936363636364,1439.79,743,32,0.014804845222072678,1223.4936363636364
CUST_0115,8,10196.97,1274.62125,1495.27,904,32,0.008849557522123894,1274.62125
CUST_0116,13,16767.08,1289.7753846153848,1489.26,342,24,0.038011695906432746,1289.7753846153848
CUST_0117,16,20768.39,1298.024375,1486.39,100,49,0.16,1298.024375
CUST_0118,6,7600.5599999999995,1266.76,1489.82,490,23,0.012244897959183673,1266.76
CUST_0119,4,5113.35,1278.3375,1417.74,861,30,0.004645760743321719,1278.3375
CUST_0120,16,20751.45,1296.965625,1487.42,109,9,0.14678899082568808,1296.965625
CUST_0121,13,16944.87,1303.4515384615383,1487.42,336,3,0.03869047619047619,1303.4515384615383
CUST_0122,8,10329.35,1291.16875,1474.05,469,39,0.017057569296375266,1291.16875
CUST_0123,12,15622.91,1301.9091666666666,1495.27,339,578,0.035398230088495575,1301.9091666666666
CUST_0124,12,16868.739999999998,1405.7283333333332,1490.65,211,28,0.05687203791469194,1405.7283333333332
CUST_0125,6,8196.19,1366.0316666666668,1490.65,873,267,0.006872852233676976,1366.0316666666668
CUST_0126,9,11584.01,1287.1122222222223,1487.42,817,118,0.011015911872705019,1287.1122222222223
CUST_0127,18,22614.19,1256.3438888888888,1490.65,72,55,0.25,1256.3438888888888
CUST_0128,10,12387.81,1238.781,1490.05,534,281,0.018726591760299626,1238.781
CUST_0129,9,11231.93,1247.9922222222222,1475.75,605,4,0.01487603305785124,1247.9922222222222
CUST_0130,12,15378.49,1281.5408333333332,1489.26,171,37,0.07017543859649122,1281.5408333333332
CUST_0131,12,15985.8,1332.1499999999999,1495.27,194,16,0.061855670103092786,1332.1499999999999
CUST_0132,9,11520.98,1280.108888888889,1475.75,142,6,0.06338028169014084,1280.108888888889
CUST_0133,15,19683.49,1312.2326666666668,1495.27,306,15,0.049019607843137254,1312.2326666666668
CUST_0134,12,16155.5,1346.2916666666667,1490.65,477,9,0.025157232704402517,1346.2916666666667
CUST_0135,13,16931.52,1302.4246153846154,1489.82,224,9,0.05803571428571429,1302.4246153846154
CUST_0136,7,8442.99,1206.1414285714286,1487.42,537,127,0.01303538175046555,1206.1414285714286
CUST_0137,10,12113.02,1211.3020000000001,1472.85,944,8,0.01059322033898305,1211.3020000000001
CUST_0138,5,7108.76,1421.752,1490.05,961,116,0.005202913631633715,1421.752
CUST_0139,11,14362.97,1305.7245454545455,1489.03,321,22,0.03426791277258567,1305.7245454545455
CUST_0140,7,9151.4,1307.3428571428572,1489.82,34,215,0.20588235294117646,1307.3428571428572
CUST_0141,13,16030.470000000001,1233.113076923077,1495.27,594,24,0.021885521885521887,1233.113076923077
CUST_0142,18,22716.48,1262.0266666666666,1489.82,85,8,0.21176470588235294,1262.0266666666666
CUST_0143,20,26624.41,1331.2205,1495.27,231,12,0.08658008658008658,1331.2205
CUST_0144,11,14372.7,1306.609090909091,1489.82,660,166,0.016666666666666666,1306.609090909091
CUST_0145,7,9109.39,1301.3414285714284,1490.65,829,34,0.008443908323281062,1301.3414285714284
CUST_0146,12,14723.93,1226.9941666666666,1490.05,432,51,0.027777777777777776,1226.9941666666666
CUST_0147,11,14487.67,1317.060909090909,1489.26,594,33,0.018518518518518517,1317.060909090909
CUST_0148,11,13776.75,1252.4318181818182,1482.01,449,27,0.024498886414253896,1252.4318181818182
CUST_0149,15,18607.3,1240.4866666666667,1495.27,243,13,0.06172839506172839,1240.4866666666667
CUST_0150,15,18611.85,1240.79,1490.65,147,149,0.10204081632653061,1240.79
CUST_0151,30,38024.07,1267.469,1453.78,95,121,0.3157894736842105,1267.469
CUST_0152,15,19000.79,1266.7193333333335,1454.58,902,122,0.01662971175166297,1266.7193333333335
CUST_0153,6,7479.33,1246.555,1395.21,990,172,0.006060606060606061,1246.555
CUST_0154,20,24312.7,1215.635,1488.64,350,299,0.05714285714285714,1215.635
CUST_0155,20,25004.0,1250.2,1482.97,265,296,0.07547169811320754,1250.2
CUST_0156,14,17964.73,1283.195,1466.02,781,185,0.01792573623559539,1283.195
CUST_0157,16,20847.32,1302.9575,1482.97,658,180,0.0243161094224924,1302.9575
CUST_0158,12,15222.49,1268.5408333333332,1474.83,742,151,0.016172506738544475,1268.5408333333332
CUST_0159,15,18339.1,1222.6066666666666,1449.2,12,132,1.25,1222.6066666666666
CUST_0160,7,8531.9,1218.8428571428572,1408.7,683,348,0.010248901903367497,1218.8428571428572
CUST_0161,30,37385.44,1246.1813333333334,1495.96,244,161,0.12295081967213115,1246.1813333333334
CUST_0162,18,22834.58,1268.5877777777778,1482.97,112,159,0.16071428571428573,1268.5877777777778
CUST_0163,22,28198.46,1281.7481818181818,1466.17,281,303,0.07829181494661921,1281.7481818181818
CUST_0164,13,16130.64,1240.8184615384614,1495.96,850,152,0.015294117647058824,1240.8184615384614
CUST_0165,12,14790.22,1232.5183333333332,1474.83,762,311,0.015748031496062992,1232.5183333333332
CUST_0166,16,19933.27,1245.829375,1435.63,372,171,0.043010752688172046,1245.829375
CUST_0167,15,19051.44,1270.096,1474.83,570,170,0.02631578947368421,1270.096
CUST_0168,25,32102.35,1284.094,1495.96,118,177,0.211864406779661,1284.094
CUST_0169,21,26308.86,1252.8028571428572,1454.58,492,183,0.042682926829268296,1252.8028571428572
CUST_0170,18,21778.25,1209.9027777777778,1462.73,96,189,0.1875,1209.9027777777778
CUST_0171,13,16523.739999999998,1271.0569230769229,1449.2,989,177,0.01314459049544995,1271.0569230769229
CUST_0172,17,21679.57,1275.2688235294117,1466.02,349,5,0.04871060171919771,1275.2688235294117
CUST_0173,20,25233.02,1261.651,1495.96,554,176,0.036101083032490974,1261.651
CUST_0174,22,27432.13,1246.915,1474.83,695,139,0.031654676258992806,1246.915
CUST_0175,22,27651.45,1256.884090909091,1488.64,271,4,0.08118081180811808,1256.884090909091
CUST_0176,10,12077.08,1207.708,1454.58,905,328,0.011049723756906077,1207.708
CUST_0177,18,22374.46,1243.0255555555555,1495.96,150,150,0.12,1243.0255555555555
CUST_0178,9,11653.72,1294.8577777777778,1466.17,734,161,0.01226158038147139,1294.8577777777778
CUST_0179,13,16318.61,1255.2776923076924,1495.96,353,328,0.036827195467422094,1255.2776923076924
CUST_0180,17,22065.34,1297.9611764705883,1466.17,218,172,0.0779816513761468,1297.9611764705883
CUST_0181,13,16245.6,1249.6615384615384,1474.83,900,136,0.014444444444444444,1249.6615384615384
CUST_0182,14,17291.51,1235.107857142857,1408.7,110,4,0.12727272727272726,1235.107857142857
CUST_0183,23,28140.58,1223.5034782608695,1466.17,482,151,0.04771784232365145,1223.5034782608695
CUST_0184,19,24016.920000000002,1264.0484210526317,1466.17,122,141,0.1557377049180328,1264.0484210526317
CUST_0185,13,16416.63,1262.8176923076924,1488.64,830,132,0.01566265060240964,1262.8176923076924
CUST_0186,17,20403.8,1200.2235294117647,1437.42,246,174,0.06910569105691057,1200.2235294117647
CUST_0187,17,21092.22,1240.7188235294118,1462.73,379,171,0.044854881266490766,1240.7188235294118
CUST_0188,8,9570.9,1196.3625,1362.53,972,171,0.00823045267489712,1196.3625
CUST_0189,18,22534.66,1251.9255555555555,1488.64,492,184,0.036585365853658534,1251.9255555555555
CUST_0190,18,21899.920000000002,1216.6622222222222,1488.64,48,149,0.375,1216.6622222222222
CUST_0191,15,18554.31,1236.9540000000002,1474.83,547,312,0.027422303473491772,1236.9540000000002
CUST_0192,25,32906.26,1316.2504000000001,1466.02,72,173,0.3472222222222222,1316.2504000000001
CUST_0193,17,22018.29,1295.1935294117648,1431.13,741,0,0.022941970310391364,1295.1935294117648
CUST_0194,24,29791.65,1241.3187500000001,1488.64,153,129,0.1568627450980392,1241.3187500000001
CUST_0195,20,25326.81,1266.3405,1453.78,118,151,0.1694915254237288,1266.3405
CUST_0196,11,13067.8,1187.9818181818182,1474.83,838,313,0.013126491646778043,1187.9818181818182
CUST_0197,17,20812.46,1224.2623529411765,1495.96,368,168,0.04619565217391304,1224.2623529411765
CUST_0198,11,14564.99,1324.09,1495.96,926,2,0.011879049676025918,1324.09
CUST_0199,10,12479.68,1247.968,1401.11,861,136,0.011614401858304297,1247.968
CUST_0200,13,16568.920000000002,1274.5323076923078,1495.96,599,348,0.021702838063439065,1274.5323076923078
CUST_0201,20,25761.75,1288.0875,1454.58,379,168,0.052770448548812667,1288.0875
CUST_0202,14,17166.03,1226.145,1462.73,862,335,0.016241299303944315,1226.145
CUST_0203,22,27330.46,1242.2936363636363,1466.02,196,0,0.11224489795918367,1242.2936363636363
CUST_0204,13,15685.46,1206.573846153846,1466.02,698,317,0.01862464183381089,1206.573846153846
CUST_0205,26,32274.7,1241.3346153846155,1482.97,590,4,0.04406779661016949,1241.3346153846155
CUST_0206,21,25642.74,1221.0828571428572,1466.02,45,133,0.4666666666666667,1221.0828571428572
CUST_0207,7,9075.58,1296.5114285714285,1398.81,858,366,0.008158508158508158,1296.5114285714285
CUST_0208,21,26488.15,1261.3404761904762,1488.64,420,322,0.05,1261.3404761904762
CUST_0209,23,29422.96,1279.2591304347825,1488.64,520,321,0.04423076923076923,1279.2591304347825
CUST_0210,20,25519.96,1275.998,1488.64,232,0,0.08620689655172414,1275.998
CUST_0211,25,31489.55,1259.5819999999999,1474.83,285,145,0.08771929824561403,1259.5819999999999
CUST_0212,11,14241.81,1294.71,1466.17,329,340,0.03343465045592705,1294.71
CUST_0213,9,11615.27,1290.5855555555556,1474.83,911,325,0.009879253567508232,1290.5855555555556
CUST_0214,15,18661.45,1244.0966666666668,1495.96,668,337,0.02245508982035928,1244.0966666666668
CUST_0215,17,21721.7,1277.7470588235294,1451.8,677,310,0.025110782865583457,1277.7470588235294
CUST_0216,17,21364.06,1256.709411764706,1451.8,851,299,0.0199764982373678,1256.709411764706
CUST_0217,9,11103.74,1233.7488888888888,1466.17,801,179,0.011235955056179775,1233.7488888888888
CUST_0218,17,20867.260000000002,1227.4858823529412,1488.64,351,119,0.04843304843304843,1227.4858823529412
CUST_0219,21,27171.44,1293.8780952380953,1488.64,195,123,0.1076923076923077,1293.8780952380953
CUST_0220,17,22143.02,1302.530588235294,1466.02,940,163,0.018085106382978722,1302.530588235294
CUST_0221,11,13576.53,1234.23,1495.96,682,156,0.016129032258064516,1234.23
CUST_0222,22,28465.99,1293.9086363636363,1482.97,234,1,0.09401709401709402,1293.9086363636363
CUST_0223,14,17337.75,1238.4107142857142,1488.64,731,364,0.019151846785225718,1238.4107142857142
CUST_0224,11,14104.98,1282.270909090909,1462.73,875,354,0.012571428571428572,1282.270909090909
CUST_0225,14,16937.47,1209.8192857142858,1488.64,813,137,0.017220172201722016,1209.8192857142858
CUST_0226,14,16994.31,1213.8792857142857,1408.7,665,176,0.021052631578947368,1213.8792857142857
CUST_0227,15,18464.16,1230.944,1362.53,614,325,0.024429967426710098,1230.944
CUST_0228,16,20712.64,1294.54,1495.96,98,155,0.16326530612244897,1294.54
CUST_0229,15,18874.27,1258.2846666666667,1482.97,524,161,0.02862595419847328,1258.2846666666667
CUST_0230,23,29023.43,1261.8882608695653,1453.78,261,4,0.08812260536398467,1261.8882608695653
CUST_0231,17,21727.94,1278.1141176470587,1466.17,631,129,0.02694136291600634,1278.1141176470587
CUST_0232,12,15012.01,1251.0008333333333,1495.96,867,138,0.01384083044982699,1251.0008333333333
CUST_0233,22,28389.3,1290.4227272727273,1488.64,474,131,0.046413502109704644,1290.4227272727273
CUST_0234,16,20280.989999999998,1267.5618749999999,1482.97,237,159,0.06751054852320675,1267.5618749999999
CUST_0235,19,23426.81,1232.99,1435.63,268,144,0.0708955223880597,1232.99
CUST_0236,9,11409.880000000001,1267.7644444444445,1488.64,954,337,0.009433962264150943,1267.7644444444445
CUST_0237,15,19413.73,1294.2486666666666,1488.64,396,140,0.03787878787878788,1294.2486666666666
CUST_0238,15,19308.59,1287.2393333333334,1462.73,827,137,0.018137847642079808,1287.2393333333334
CUST_0239,19,24142.74,1270.6705263157896,1451.8,594,178,0.03198653198653199,1270.6705263157896
CUST_0240,13,16058.85,1235.2961538461539,1454.58,865,179,0.015028901734104046,1235.2961538461539
CUST_0241,11,13798.79,1254.4354545454546,1474.83,703,369,0.015647226173541962,1254.4354545454546
CUST_0242,11,14352.53,1304.7754545454545,1462.73,984,150,0.011178861788617886,1304.7754545454545
CUST_0243,11,13862.44,1260.2218181818182,1482.97,768,154,0.014322916666666666,1260.2218181818182
CUST_0244,14,17298.36,1235.597142857143,1462.73,706,317,0.019830028328611898,1235.597142857143
CUST_0245,22,27810.91,1264.1322727272727,1488.64,751,192,0.02929427430093209,1264.1322727272727
CUST_0246,11,13445.46,1222.3145454545454,1466.17,841,501,0.013079667063020214,1222.3145454545454
CUST_0247,15,19244.21,1282.9473333333333,1466.02,354,133,0.0423728813559322,1282.9473333333333
CUST_0248,8,10554.26,1319.2825,1375.42,956,161,0.008368200836820083,1319.2825
CUST_0249,18,22435.68,1246.4266666666667,1482.97,560,126,0.03214285714285714,1246.4266666666667
CUST_0250,14,16647.48,1189.1057142857142,1482.97,951,183,0.014721345951629864,1189.1057142857142
CUST_0251,17,10267.09,603.9464705882353,775.74,426,64,0.03990610328638498,603.9464705882353
CUST_0252,12,6593.97,549.4975000000001,792.37,779,53,0.01540436456996149,549.4975000000001
CUST_0253,9,4622.15,513.5722222222222,768.86,510,23,0.01764705882352941,513.5722222222222
CUST_0254,6,2332.0,388.6666666666667,627.87,727,223,0.008253094910591471,388.6666666666667
CUST_0255,10,4541.15,454.11499999999995,762.58,948,6,0.010548523206751054,454.11499999999995
CUST_0256,12,8091.28,674.2733333333333,778.05,14,7,0.8571428571428571,674.2733333333333
CUST_0257,9,3478.66,386.5177777777778,768.86,476,149,0.018907563025210083,386.5177777777778
CUST_0258,9,3337.29,370.81,751.08,268,70,0.033582089552238806,370.81
CUST_0259,10,5141.37,514.137,683.35,722,148,0.013850415512465374,514.137
CUST_0260,17,9129.380000000001,537.0223529411766,738.08,182,10,0.09340659340659341,537.0223529411766
CUST_0261,18,9252.43,514.0238888888889,728.53,12,109,1.5,514.0238888888889
CUST_0262,11,6058.25,550.75,775.74,646,22,0.017027863777089782,550.75
CUST_0263,9,5424.19,602.6877777777777,762.17,502,43,0.017928286852589643,602.6877777777777
CUST_0264,12,7418.72,618.2266666666667,778.05,825,5,0.014545454545454545,618.2266666666667
CUST_0265,13,6526.22,502.0169230769231,792.37,721,106,0.018030513176144243,502.0169230769231
CUST_0266,9,4985.13,553.9033333333333,792.37,966,40,0.009316770186335404,553.9033333333333
CUST_0267,10,5808.55,580.855,778.05,298,90,0.03355704697986577,580.855
CUST_0268,4,1424.25,356.0625,664.42,69,47,0.057971014492753624,356.0625
CUST_0269,17,9190.19,540.5994117647059,762.58,5,5,3.4,540.5994117647059
CUST_0270,10,5044.26,504.42600000000004,720.22,671,62,0.014903129657228018,504.42600000000004
CUST_0271,8,3560.16,445.02,762.17,596,17,0.013422818791946308,445.02
CUST_0272,13,6893.530000000001,530.2715384615385,751.08,190,18,0.06842105263157895,530.2715384615385
CUST_0273,12,6126.67,510.55583333333334,768.86,555,46,0.021621621621621623,510.55583333333334
CUST_0274,6,3690.21,615.035,768.86,769,47,0.007802340702210663,615.035
CUST_0275,10,4976.19,497.61899999999997,768.86,335,118,0.029850746268656716,497.61899999999997
CUST_0276,9,5189.7,576.6333333333333,775.74,888,48,0.010135135135135136,576.6333333333333
CUST_0277,14,6846.18,489.0128571428572,768.86,107,19,0.1308411214953271,489.0128571428572
CUST_0278,9,4722.38,524.7088888888889,768.26,306,112,0.029411764705882353,524.7088888888889
CUST_0279,17,7579.17,445.8335294117647,778.05,104,7,0.16346153846153846,445.8335294117647
CUST_0280,5,2772.56,554.512,738.08,779,290,0.006418485237483954,554.512
CUST_0281,14,7642.29,545.8778571428571,792.37,102,57,0.13725490196078433,545.8778571428571
CUST_0282,8,4549.2,568.65,775.74,385,51,0.02077922077922078,568.65
CUST_0283,14,7553.39,539.5278571428572,762.58,346,142,0.04046242774566474,539.5278571428572
CUST_0284,14,7426.76,530.4828571428571,738.08,532,87,0.02631578947368421,530.4828571428571
CUST_0285,14,6043.07,431.6478571428571,643.94,11,8,1.2727272727272727,431.6478571428571
CUST_0286,12,7307.4800000000005,608.9566666666667,768.26,393,25,0.030534351145038167,608.9566666666667
CUST_0287,15,5787.41,385.82733333333334,778.05,30,125,0.5,385.82733333333334
CUST_0288,8,4498.63,562.32875,762.17,677,0,0.011816838995568686,562.32875
CUST_0289,16,7926.31,495.394375,768.86,129,18,0.12403100775193798,495.394375
CUST_0290,12,7199.07,599.9225,778.05,779,21,0.01540436456996149,599.9225
CUST_0291,11,5749.79,522.7081818181819,768.26,424,11,0.025943396226415096,522.7081818181819
CUST_0292,10,5096.2,509.62,762.58,302,7,0.033112582781456956,509.62
CUST_0293,5,1961.14,392.228,661.83,988,76,0.005060728744939271,392.228
CUST_0294,13,5609.64,431.51076923076926,720.22,460,6,0.02826086956521739,431.51076923076926
CUST_0295,9,5425.75,602.8611111111111,775.74,444,39,0.02027027027027027,602.8611111111111
CUST_0296,13,6404.37,492.64384615384614,751.08,6,86,2.1666666666666665,492.64384615384614
CUST_0297,11,6462.54,587.5036363636364,751.08,328,54,0.03353658536585366,587.5036363636364
CUST_0298,11,5228.95,475.35909090909087,762.17,295,2,0.03728813559322034,475.35909090909087
CUST_0299,13,7344.76,564.9815384615384,778.05,762,26,0.01706036745406824,564.9815384615384
CUST_0300,12,6413.24,534.4366666666666,751.08,773,79,0.015523932729624839,534.4366666666666
CUST_0301,13,7112.0,547.0769230769231,778.05,511,12,0.025440313111545987,547.0769230769231
CUST_0302,13,6330.72,486.97846153846154,728.53,77,27,0.16883116883116883,486.97846153846154
CUST_0303,9,3908.47,434.27444444444444,692.56,785,68,0.011464968152866241,434.27444444444444
CUST_0304,8,4622.27,577.78375,768.26,319,181,0.025078369905956112,577.78375
CUST_0305,4,2496.51,624.1275,663.29,966,585,0.004140786749482402,624.1275
CUST_0306,7,3109.94,444.27714285714285,675.34,12,50,0.5833333333333334,444.27714285714285
CUST_0307,12,5770.650000000001,480.88750000000005,720.58,18,49,0.6666666666666666,480.88750000000005
CUST_0308,7,3259.3,465.61428571428576,762.58,838,134,0.008353221957040573,465.61428571428576
CUST_0309,5,1709.17,341.834,682.01,973,58,0.0051387461459403904,341.834
CUST_0310,7,2916.67,416.6671428571429,708.72,555,219,0.012612612612612612,416.6671428571429
CUST_0311,9,4244.82,471.64666666666665,768.86,221,249,0.04072398190045249,471.64666666666665
CUST_0312,9,3775.92,419.5466666666667,724.95,425,8,0.021176470588235293,419.5466666666667
CUST_0313,10,5832.88,583.288,699.49,163,20,0.06134969325153374,583.288
CUST_0314,4,2162.78,540.695,675.34,503,365,0.007952286282306162,540.695
CUST_0315,11,5656.95,514.2681818181818,775.74,390,131,0.028205128205128206,514.2681818181818
CUST_0316,8,3068.94,383.6175,778.05,796,230,0.010050251256281407,383.6175
CUST_0317,9,4037.35,448.59444444444443,792.37,167,126,0.05389221556886228,448.59444444444443
CUST_0318,10,4227.04,422.704,692.56,261,14,0.038314176245210725,422.704
CUST_0319,11,5482.46,498.4054545454546,775.74,255,74,0.043137254901960784,498.4054545454546
CUST_0320,12,5334.18,444.51500000000004,792.37,269,71,0.04460966542750929,444.51500000000004
CUST_0321,11,6367.01,578.819090909091,792.37,600,98,0.018333333333333333,578.819090909091
CUST_0322,9,5008.14,556.46,762.17,5,74,1.8,556.46
CUST_0323,8,3630.72,453.84,762.17,451,90,0.017738359201773836,453.84
CUST_0324,9,4146.8,460.7555555555556,728.53,570,45,0.015789473684210527,460.7555555555556
CUST_0325,11,5305.72,482.33818181818185,792.37,594,84,0.018518518518518517,482.33818181818185
CUST_0326,4,1791.98,447.995,762.58,685,192,0.00583941605839416,447.995
CUST_0327,14,5812.53,415.18071428571426,720.22,130,15,0.1076923076923077,415.18071428571426
CUST_0328,8,3761.0699999999997,470.13374999999996,678.99,879,116,0.009101251422070534,470.13374999999996
CUST_0329,8,3449.12,431.14,792.37,905,29,0.008839779005524863,431.14
CUST_0330,10,4854.2699999999995,485.42699999999996,768.26,108,82,0.09259259259259259,485.42699999999996
CUST_0331,16,7586.24,474.14,762.17,93,20,0.17204301075268819,474.14
CUST_0332,9,5321.2,591.2444444444444,738.08,625,81,0.0144,591.2444444444444
CUST_0333,8,3927.13,490.89125,728.53,911,82,0.008781558726673985,490.89125
CUST_0334,8,3424.1800000000003,428.02250000000004,720.58,787,261,0.010165184243964422,428.02250000000004
CUST_0335,9,5403.99,600.4433333333333,792.37,868,54,0.010368663594470046,600.4433333333333
CUST_0336,6,2720.04,453.34,762.17,908,65,0.006607929515418502,453.34
CUST_0337,4,2350.46,587.615,728.53,848,119,0.0047169811320754715,587.615
CUST_0338,14,8235.03,588.2164285714287,778.05,364,239,0.038461538461538464,588.2164285714287
CUST_0339,9,4161.03,462.33666666666664,778.05,29,42,0.3103448275862069,462.33666666666664
CUST_0340,11,5297.49,481.59,792.37,936,176,0.011752136752136752,481.59
CUST_0341,17,9308.89,547.5817647058823,792.37,45,27,0.37777777777777777,547.5817647058823
CUST_0342,12,6554.79,546.2325,775.74,133,8,0.09022556390977443,546.2325
CUST_0343,11,5046.07,458.7336363636363,768.86,479,32,0.022964509394572025,458.7336363636363
CUST_0344,6,3114.22,519.0366666666666,778.05,433,68,0.013856812933025405,519.0366666666666
CUST_0345,2,757.51,378.755,441.76,878,470,0.002277904328018223,378.755
CUST_0346,6,2155.92,359.32,720.22,700,56,0.008571428571428572,359.32
CUST_0347,9,4074.83,452.75888888888886,720.58,727,54,0.012379642365887207,452.75888888888886
CUST_0348,8,3392.18,424.0225,768.26,128,73,0.0625,424.0225
CUST_0349,6,3462.88,577.1466666666666,738.08,697,148,0.00860832137733142,577.1466666666666
CUST_0350,8,4665.24,583.155,792.37,158,114,0.05063291139240506,583.155
CUST_0351,6,2607.66,434.60999999999996,683.35,614,202,0.009771986970684038,434.60999999999996
CUST_0352,6,2441.7,406.95,751.08,865,98,0.006936416184971098,406.95
CUST_0353,8,3573.3199999999997,446.66499999999996,728.53,929,23,0.008611410118406888,446.66499999999996
CUST_0354,11,5450.29,495.4809090909091,762.58,694,117,0.01585014409221902,495.4809090909091
CUST_0355,14,7318.97,522.7835714285715,762.17,365,38,0.038356164383561646,522.7835714285715
CUST_0356,17,9272.35,545.4323529411765,792.37,133,69,0.12781954887218044,545.4323529411765
CUST_0357,21,11200.53,533.3585714285715,775.74,23,112,0.9130434782608695,533.3585714285715
CUST_0358,8,5068.48,633.56,778.05,874,100,0.009153318077803204,633.56
CUST_0359,19,9400.29,494.75210526315794,720.22,690,94,0.02753623188405797,494.75210526315794
CUST_0360,11,6489.23,589.93,778.05,93,106,0.11827956989247312,589.93
CUST_0361,12,7289.9,607.4916666666667,792.37,353,4,0.0339943342776204,607.4916666666667
CUST_0362,5,2653.8,530.76,682.01,994,136,0.005030181086519115,530.76
CUST_0363,9,4757.22,528.58,710.0,158,1,0.056962025316455694,528.58
CUST_0364,21,11281.7,537.2238095238096,738.08,302,7,0.0695364238410596,537.2238095238096
CUST_0365,9,4588.04,509.78222222222223,710.0,689,75,0.013062409288824383,509.78222222222223
CUST_0366,17,8628.09,507.53470588235297,778.05,76,49,0.2236842105263158,507.53470588235297
CUST_0367,9,4626.849999999999,514.0944444444444,762.17,687,20,0.013100436681222707,514.0944444444444
CUST_0368,10,4605.22,460.52200000000005,708.72,654,69,0.01529051987767584,460.52200000000005
CUST_0369,15,7134.8,475.65333333333336,751.08,500,77,0.03,475.65333333333336
CUST_0370,5,3116.87,623.374,775.74,777,90,0.006435006435006435,623.374
CUST_0371,10,4625.47,462.547,778.05,457,138,0.02188183807439825,462.547
CUST_0372,8,4053.86,506.7325,751.08,650,13,0.012307692307692308,506.7325
CUST_0373,17,9010.24,530.0141176470588,792.37,19,54,0.8947368421052632,530.0141176470588
CUST_0374,13,6253.76,481.05846153846153,778.05,37,64,0.35135135135135137,481.05846153846153
CUST_0375,15,7169.42,477.96133333333336,751.08,410,41,0.036585365853658534,477.96133333333336
CUST_0376,9,4203.65,467.0722222222222,778.05,238,40,0.037815126050420166,467.0722222222222
CUST_0377,7,3902.51,557.5014285714286,751.08,614,192,0.011400651465798045,557.5014285714286
CUST_0378,10,5565.8,556.58,720.58,598,133,0.016722408026755852,556.58
CUST_0379,10,5194.49,519.449,792.37,651,89,0.015360983102918587,519.449
CUST_0380,6,3516.7599999999998,586.1266666666667,762.17,930,358,0.0064516129032258064,586.1266666666667
CUST_0381,9,4546.17,505.13,775.74,390,56,0.023076923076923078,505.13
CUST_0382,10,5409.49,540.949,792.37,55,48,0.18181818181818182,540.949
CUST_0383,14,7251.22,517.9442857142857,792.37,21,67,0.6666666666666666,517.9442857142857
CUST_0384,10,5425.71,542.571,778.05,201,108,0.04975124378109453,542.571
CUST_0385,13,6977.95,536.7653846153846,792.37,774,35,0.016795865633074936,536.7653846153846
CUST_0386,9,5265.77,585.0855555555556,778.05,702,247,0.01282051282051282,585.0855555555556
CUST_0387,9,4631.75,514.6388888888889,775.74,669,24,0.013452914798206279,514.6388888888889
CUST_0388,9,5616.89,624.098888888889,775.74,588,356,0.015306122448979591,624.098888888889
CUST_0389,7,3793.79,541.97,775.74,596,52,0.01174496644295302,541.97
CUST_0390,14,6571.27,469.3764285714286,768.86,206,0,0.06796116504854369,469.3764285714286
CUST_0391,7,3881.05,554.4357142857143,762.17,501,76,0.013972055888223553,554.4357142857143
CUST_0392,11,5776.79,525.1627272727272,775.74,851,31,0.012925969447708578,525.1627272727272
CUST_0393,8,4205.26,525.6575,778.05,351,104,0.022792022792022793,525.6575
CUST_0394,5,2202.99,440.59799999999996,603.98,887,349,0.005636978579481398,440.59799999999996
CUST_0395,8,4032.56,504.07,751.08,754,34,0.010610079575596816,504.07
CUST_0396,10,4039.8,403.98,768.26,543,29,0.01841620626151013,403.98
CUST_0397,10,3872.48,387.248,678.99,633,161,0.01579778830963665,387.248
CUST_0398,8,4379.72,547.465,768.26,718,2,0.011142061281337047,547.465
CUST_0399,8,3650.9300000000003,456.36625000000004,682.01,985,260,0.008121827411167513,456.36625000000004
CUST_0400,4,1886.42,471.605,792.37,843,33,0.004744958481613286,471.605
CUST_0401,13,30697.260000000002,2361.3276923076924,2981.84,945,25,0.013756613756613757,2361.3276923076924
CUST_0402,26,56440.35,2170.7826923076923,2956.56,138,0,0.18840579710144928,2170.7826923076923
CUST_0403,18,40014.53,2223.0294444444444,2988.13,414,13,0.043478260869565216,2223.0294444444444
CUST_0404,17,35486.05,2087.4147058823532,2923.65,364,70,0.046703296703296704,2087.4147058823532
CUST_0405,22,48979.89,2226.3586363636364,2998.64,576,134,0.03819444444444445,2226.3586363636364
CUST_0406,16,37392.6,2337.0375,2923.65,918,59,0.017429193899782137,2337.0375
CUST_0407,18,40981.65,2276.758333333333,2956.56,192,9,0.09375,2276.758333333333
CUST_0408,14,30545.75,2181.839285714286,2988.13,828,131,0.016908212560386472,2181.839285714286
CUST_0409,23,53828.58,2340.373043478261,2981.84,415,88,0.05542168674698795,2340.373043478261
CUST_0410,11,26225.65,2384.15,2851.27,959,146,0.011470281543274244,2384.15
CUST_0411,16,36178.35,2261.146875,2923.65,347,6,0.04610951008645533,2261.146875
CUST_0412,25,55280.94,2211.2376,2998.64,214,41,0.11682242990654206,2211.2376
CUST_0413,12,25389.579999999998,2115.798333333333,2708.94,835,69,0.01437125748502994,2115.798333333333
CUST_0414,18,40166.45,2231.4694444444444,2998.64,183,111,0.09836065573770492,2231.4694444444444
CUST_0415,30,67792.0,2259.733333333333,2988.13,268,22,0.11194029850746269,2259.733333333333
CUST_0416,17,34930.86,2054.7564705882355,2936.54,524,95,0.03244274809160305,2054.7564705882355
CUST_0417,17,39933.18,2349.010588235294,2998.64,542,93,0.03136531365313653,2349.010588235294
CUST_0418,21,44094.159999999996,2099.7219047619046,2998.64,549,38,0.03825136612021858,2099.7219047619046
CUST_0419,14,36508.27,2607.7335714285714,2998.64,595,7,0.023529411764705882,2607.7335714285714
CUST_0420,18,38355.73,2130.8738888888893,2981.84,758,56,0.023746701846965697,2130.8738888888893
CUST_0421,16,34338.86,2146.17875,2722.91,747,135,0.0214190093708166,2146.17875
CUST_0422,22,46037.38,2092.6081818181815,2863.02,195,27,0.11282051282051282,2092.6081818181815
CUST_0423,20,46717.44,2335.8720000000003,2981.84,486,18,0.0411522633744856,2335.8720000000003
CUST_0424,23,51313.57,2231.0247826086957,2988.13,417,80,0.05515587529976019,2231.0247826086957
CUST_0425,26,57066.48,2194.8646153846157,2722.91,160,6,0.1625,2194.8646153846157
CUST_0426,17,36612.17,2153.6570588235295,2936.54,733,49,0.023192360163710776,2153.6570588235295
CUST_0427,17,38377.67,2257.5099999999998,2724.44,505,37,0.033663366336633666,2257.5099999999998
CUST_0428,19,40031.87,2106.9405263157896,2770.95,566,101,0.03356890459363958,2106.9405263157896
CUST_0429,14,32322.94,2308.7814285714285,2863.02,928,70,0.015086206896551725,2308.7814285714285
CUST_0430,18,37932.87,2107.3816666666667,2981.84,417,72,0.04316546762589928,2107.3816666666667
CUST_0431,17,36745.57,2161.5041176470586,2722.91,17,32,1.0,2161.5041176470586
CUST_0432,12,25766.04,2147.17,2988.13,900,184,0.013333333333333334,2147.17
CUST_0433,22,47070.34,2139.560909090909,2755.95,342,61,0.06432748538011696,2139.560909090909
CUST_0434,13,25539.97,1964.613076923077,2359.86,916,55,0.014192139737991267,1964.613076923077
CUST_0435,19,44543.49,2344.394210526316,2988.13,149,86,0.12751677852348994,2344.394210526316
CUST_0436,22,49343.5,2242.8863636363635,2863.02,134,112,0.16417910447761194,2242.8863636363635
CUST_0437,21,47844.67,2278.317619047619,2998.64,478,85,0.043933054393305436,2278.317619047619
CUST_0438,26,59461.03,2286.962692307692,2863.02,305,36,0.08524590163934426,2286.962692307692
CUST_0439,17,36669.03,2157.001764705882,2988.13,90,74,0.18888888888888888,2157.001764705882
CUST_0440,14,32437.32,2316.9514285714286,2956.56,915,13,0.015300546448087432,2316.9514285714286
CUST_0441,23,49930.869999999995,2170.9073913043476,2988.13,443,51,0.05191873589164785,2170.9073913043476
CUST_0442,30,65727.52,2190.9173333333333,2998.64,175,10,0.17142857142857143,2190.9173333333333
CUST_0443,17,33524.2,1972.0117647058821,2724.44,510,42,0.03333333333333333,1972.0117647058821
CUST_0444,18,39221.66,2178.981111111111,2981.84,840,1,0.02142857142857143,2178.981111111111
CUST_0445,17,38643.71,2273.159411764706,2851.27,350,48,0.04857142857142857,2273.159411764706
CUST_0446,21,47157.73,2245.6061904761905,2981.84,334,1,0.06287425149700598,2245.6061904761905
CUST_0447,16,34154.06,2134.62875,2724.44,982,152,0.016293279022403257,2134.62875
CUST_0448,22,47542.67,2161.0304545454546,2863.02,323,2,0.06811145510835913,2161.0304545454546
CUST_0449,24,55118.56,2296.6066666666666,2988.13,78,55,0.3076923076923077,2296.6066666666666
CUST_0450,18,38655.13,2147.507222222222,2708.94,431,10,0.04176334106728538,2147.507222222222
CUST_0451,18,39966.07,2220.3372222222224,2998.64,262,69,0.06870229007633588,2220.3372222222224
CUST_0452,15,33328.69,2221.9126666666666,2988.13,890,76,0.016853932584269662,2221.9126666666666
CUST_0453,15,31552.26,2103.484,2863.02,865,66,0.017341040462427744,2103.484
CUST_0454,22,48265.4,2193.8818181818183,2998.64,169,28,0.1301775147928994,2193.8818181818183
CUST_0455,28,59563.45,2127.266071428571,2998.64,193,78,0.14507772020725387,2127.266071428571
CUST_0456,23,48774.26,2120.62,2722.53,82,31,0.2804878048780488,2120.62
CUST_0457,12,24531.68,2044.3066666666666,2981.84,579,95,0.02072538860103627,2044.3066666666666
CUST_0458,16,33953.45,2122.090625,2641.31,795,9,0.02012578616352201,2122.090625
CUST_0459,9,19302.89,2144.7655555555557,2981.84,978,4,0.009202453987730062,2144.7655555555557
CUST_0460,15,34770.63,2318.042,2956.56,344,1,0.0436046511627907,2318.042
CUST_0461,14,31762.43,2268.745,2863.02,432,147,0.032407407407407406,2268.745
CUST_0462,14,31910.67,2279.3335714285713,2956.56,857,49,0.01633605600933489,2279.3335714285713
CUST_0463,15,31701.8,2113.4533333333334,2584.92,347,58,0.043227665706051875,2113.4533333333334
CUST_0464,24,53456.63,2227.3595833333334,2988.13,191,58,0.1256544502617801,2227.3595833333334
CUST_0465,13,27398.12,2107.547692307692,2988.13,617,82,0.02106969205834684,2107.547692307692
CUST_0466,10,21343.72,2134.3720000000003,2708.94,319,111,0.03134796238244514,2134.3720000000003
CUST_0467,17,36106.36,2123.903529411765,2988.13,835,150,0.02035928143712575,2123.903529411765
CUST_0468,20,45345.06,2267.2529999999997,2981.84,473,25,0.042283298097251586,2267.2529999999997
CUST_0469,15,36933.13,2462.2086666666664,2998.64,507,25,0.029585798816568046,2462.2086666666664
CUST_0470,18,40426.11,2245.895,2988.13,581,19,0.03098106712564544,2245.895
CUST_0471,13,30045.53,2311.194615384615,2956.56,882,32,0.01473922902494331,2311.194615384615
CUST_0472,11,24751.89,2250.1718181818183,2755.95,762,82,0.014435695538057743,2250.1718181818183
CUST_0473,21,48584.47,2313.5461904761905,2981.84,635,30,0.03307086614173228,2313.5461904761905
CUST_0474,21,46143.67,2197.317619047619,2998.64,397,34,0.05289672544080604,2197.317619047619
CUST_0475,16,32628.059999999998,2039.2537499999999,2988.13,454,41,0.03524229074889868,2039.2537499999999
CUST_0476,24,52890.5,2203.7708333333335,2936.54,532,24,0.045112781954887216,2203.7708333333335
CUST_0477,32,65421.66,2044.426875,2988.13,312,19,0.10256410256410256,2044.426875
CUST_0478,23,50251.85,2184.863043478261,2988.13,365,58,0.06301369863013699,2184.863043478261
CUST_0479,13,27186.79,2091.2915384615385,2584.92,628,152,0.020700636942675158,2091.2915384615385
CUST_0480,15,31694.53,2112.9686666666666,2981.84,809,24,0.018541409147095178,2112.9686666666666
CUST_0481,11,24793.51,2253.9554545454544,2923.65,546,19,0.020146520146520148,2253.9554545454544
CUST_0482,25,59354.63,2374.1852,2998.64,504,94,0.0496031746031746,2374.1852
CUST_0483,27,62808.38,2326.236296296296,2998.64,264,20,0.10227272727272728,2326.236296296296
CUST_0484,24,53282.35,2220.0979166666666,2770.95,761,27,0.03153745072273324,2220.0979166666666
CUST_0485,20,45725.1,2286.255,2981.84,362,59,0.055248618784530384,2286.255
CUST_0486,23,52813.08,2296.2208695652175,2981.84,260,10,0.08846153846153847,2296.2208695652175
CUST_0487,15,34269.69,2284.646,2923.65,863,13,0.01738122827346466,2284.646
CUST_0488,15,31406.82,2093.788,2923.65,768,81,0.01953125,2093.788
CUST_0489,16,36912.52,2307.0325,2988.13,590,177,0.02711864406779661,2307.0325
CUST_0490,13,29137.96,2241.381538461538,2998.64,722,19,0.018005540166204988,2241.381538461538
CUST_0491,22,47664.06,2166.5481818181815,2755.95,267,35,0.08239700374531835,2166.5481818181815
CUST_0492,15,31068.4,2071.226666666667,2851.27,459,81,0.032679738562091505,2071.226666666667
CUST_0493,23,51687.659999999996,2247.289565217391,2936.54,676,13,0.034023668639053255,2247.289565217391
CUST_0494,22,47028.119999999995,2137.641818181818,2641.31,453,44,0.04856512141280353,2137.641818181818
CUST_0495,15,33488.46,2232.564,2998.64,976,122,0.015368852459016393,2232.564
CUST_0496,23,50799.64,2208.68,2923.65,514,18,0.04474708171206226,2208.68
CUST_0497,13,26419.07,2032.236153846154,2622.84,877,33,0.014823261117445839,2032.236153846154
CUST_0498,30,64908.549999999996,2163.6183333333333,2851.27,243,9,0.12345679012345678,2163.6183333333333
CUST_0499,18,43119.270000000004,2395.5150000000003,2988.13,871,50,0.02066590126291619,2395.5150000000003
CUST_0500,23,50110.31,2178.7091304347823,2998.64,490,85,0.04693877551020408,2178.7091304347823
